size,sex,category,fit,w,h
L,남성,상의,보통이에요,62,171
L,남성,상의,커요,80,180
S,여성,상의,보통이에요,45,158
M,여성,상의,보통이에요,55,165
L,남성,상의,보통이에요,57,182
L,남성,상의,보통이에요,52,172
L,여성,상의,커요,65,174
M,남성,상의,커요,78,167
S,남성,상의,커요,65,178
M,여성,상의,보통이에요,54,170
M,여성,상의,커요,47,158
S,여성,상의,보통이에요,53,162
XL,남성,상의,커요,78,179
XL,남성,상의,커요,83,174
XL,여성,상의,보통이에요,69,167
XL,남성,상의,보통이에요,92,183
M,남성,상의,보통이에요,69,171
L,남성,상의,보통이에요,67,181
L,남성,상의,보통이에요,77,177
L,남성,상의,보통이에요,77,177
S,여성,상의,보통이에요,57,173
S,여성,상의,보통이에요,42,156
M,여성,상의,보통이에요,48,159
L,남성,상의,보통이에요,73,173
S,여성,상의,보통이에요,56,160
XL,남성,상의,보통이에요,82,172
XL,남성,상의,보통이에요,80,180
S,여성,상의,보통이에요,49,157
XL,남성,상의,보통이에요,82,172
M,여성,상의,보통이에요,60,160
S,여성,상의,커요,45,155
XL,남성,상의,보통이에요,82,172
M,여성,상의,보통이에요,52,159
S,여성,상의,보통이에요,52,159
S,여성,상의,보통이에요,56,160
XL,남성,상의,보통이에요,80,178
XL,남성,상의,보통이에요,88,183
L,남성,상의,보통이에요,76,166
L,남성,상의,보통이에요,72,176
M,여성,상의,커요,50,157
S,여성,상의,보통이에요,44,156
M,남성,상의,보통이에요,84,175
S,여성,상의,보통이에요,48,160
S,여성,상의,보통이에요,43,153
M,남성,상의,보통이에요,70,173
M,남성,상의,보통이에요,63,174
XL,남성,상의,작아요,78,177
XL,남성,상의,보통이에요,84,184
L,남성,상의,보통이에요,83,178
M,남성,상의,보통이에요,62,174
XL,남성,상의,보통이에요,76,177
XL,남성,상의,보통이에요,76,177
XL,남성,상의,보통이에요,73,180
XL,남성,상의,보통이에요,73,180
2XL,여성,상의,커요,53,163
L,남성,상의,보통이에요,69,173
L,남성,상의,보통이에요,60,160
XL,남성,상의,보통이에요,67,175
XL,여성,상의,보통이에요,75,170
XL,여성,상의,보통이에요,75,170
L,남성,상의,보통이에요,69,180
L,남성,상의,보통이에요,85,185
L,남성,상의,보통이에요,65,182
L,남성,상의,보통이에요,65,182
M,남성,상의,보통이에요,70,172
M,남성,상의,보통이에요,70,172
2XL,남성,상의,커요,90,190
L,남성,상의,보통이에요,64,173
L,남성,상의,보통이에요,67,172
L,남성,상의,보통이에요,58,177
L,남성,상의,보통이에요,58,177
L,남성,상의,보통이에요,58,177
L,남성,상의,보통이에요,70,173
L,남성,상의,보통이에요,58,180
L,남성,상의,보통이에요,66,174
L,남성,상의,보통이에요,78,178
L,여성,상의,보통이에요,55,168
L,남성,상의,보통이에요,63,180
L,남성,상의,보통이에요,65,171
L,남성,상의,보통이에요,78,172
M,남성,상의,보통이에요,67,167
M,남성,상의,보통이에요,59,163
M,남성,상의,보통이에요,63,176
XL,남성,상의,보통이에요,77,171
XL,남성,상의,보통이에요,75,175
XL,남성,상의,보통이에요,86,179
XL,남성,상의,보통이에요,76,180
XL,남성,상의,보통이에요,80,183
XL,남성,상의,보통이에요,80,183
XL,남성,상의,보통이에요,90,178
XL,남성,상의,보통이에요,72,182
XL,남성,상의,보통이에요,78,178
XL,남성,상의,보통이에요,80,175
2XL,남성,상의,보통이에요,82,182
L,남성,상의,보통이에요,83,178
L,남성,상의,보통이에요,73,173
L,남성,상의,커요,64,172
L,남성,상의,보통이에요,74,181
M,남성,상의,보통이에요,75,177
M,남성,상의,커요,64,172
M,남성,상의,보통이에요,72,173
M,여성,상의,커요,54,167
M,남성,상의,보통이에요,72,173
M,남성,상의,보통이에요,72,173
M,남성,상의,보통이에요,68,170
S,남성,상의,보통이에요,64,169
S,남성,상의,보통이에요,64,169
S,남성,상의,보통이에요,66,176
S,남성,상의,보통이에요,53,173
XL,남성,상의,커요,72,187
XL,남성,상의,보통이에요,80,186
XL,남성,상의,보통이에요,85,180
XL,남성,상의,보통이에요,71,179
M,남성,상의,보통이에요,66,168
XL,남성,상의,보통이에요,77,177
L,남성,상의,커요,88,183
S,남성,상의,보통이에요,62,170
S,남성,상의,보통이에요,62,170
S,남성,상의,보통이에요,62,170
S,남성,상의,보통이에요,59,170
S,남성,상의,보통이에요,75,175
S,여성,상의,보통이에요,47,166
S,남성,상의,보통이에요,70,173
S,여성,상의,보통이에요,40,161
S,남성,상의,보통이에요,69,173
S,남성,상의,보통이에요,51,165
S,여성,상의,커요,53,162
S,여성,상의,보통이에요,42,160
S,남성,상의,커요,70,171
S,남성,상의,보통이에요,80,168
S,남성,상의,보통이에요,75,175
S,남성,상의,커요,58,173
S,남성,상의,보통이에요,62,172
S,여성,상의,보통이에요,57,167
S,여성,상의,보통이에요,53,166
S,남성,상의,보통이에요,68,179
S,여성,상의,보통이에요,57,168
S,남성,상의,보통이에요,68,179
S,남성,상의,보통이에요,54,169
S,남성,상의,보통이에요,60,173
M,여성,상의,커요,48,158
S,여성,상의,보통이에요,43,156
S,여성,상의,커요,43,163
M,남성,상의,보통이에요,57,174
S,여성,상의,보통이에요,50,162
L,남성,상의,보통이에요,70,170
L,남성,상의,보통이에요,65,175
L,남성,상의,보통이에요,70,177
L,남성,상의,보통이에요,70,177
L,남성,상의,보통이에요,64,177
L,남성,상의,보통이에요,64,177
L,남성,상의,보통이에요,75,173
XL,남성,상의,커요,74,173
XL,남성,상의,보통이에요,72,181
XL,남성,상의,보통이에요,73,169
XL,여성,상의,커요,58,159
XL,남성,상의,보통이에요,85,187
XL,남성,상의,보통이에요,85,187
XL,남성,상의,보통이에요,85,187
L,남성,상의,커요,72,181
S,여성,상의,보통이에요,58,165
S,남성,상의,보통이에요,66,170
M,남성,상의,보통이에요,85,180
L,남성,상의,보통이에요,65,170
L,여성,상의,커요,59,163
L,여성,상의,커요,59,163
L,남성,상의,보통이에요,69,170
L,남성,상의,보통이에요,69,170
L,남성,상의,보통이에요,69,170
L,남성,상의,커요,76,178
L,남성,상의,보통이에요,65,176
L,남성,상의,보통이에요,65,175
L,여성,상의,커요,42,160
L,남성,상의,보통이에요,85,176
L,남성,상의,보통이에요,80,170
L,남성,상의,커요,85,176
L,여성,상의,보통이에요,55,168
L,남성,상의,보통이에요,74,173
L,남성,상의,보통이에요,72,174
L,남성,상의,커요,60,168
L,여성,상의,보통이에요,52,161
L,남성,상의,보통이에요,77,174
L,여성,상의,보통이에요,82,178
L,남성,상의,보통이에요,62,174
L,남성,상의,보통이에요,71,178
L,여성,상의,보통이에요,50,166
L,여성,상의,보통이에요,53,164
L,남성,상의,보통이에요,78,172
L,남성,상의,작아요,78,167
L,남성,상의,보통이에요,75,172
L,남성,상의,보통이에요,75,177
L,남성,상의,보통이에요,73,178
L,남성,상의,보통이에요,70,173
L,남성,상의,보통이에요,80,190
2XL,남성,상의,보통이에요,95,180
2XL,남성,상의,보통이에요,70,173
2XL,남성,상의,보통이에요,85,190
2XL,남성,상의,보통이에요,70,173
2XL,남성,상의,보통이에요,85,190
2XL,남성,상의,커요,96,184
2XL,남성,상의,커요,96,184
2XL,남성,상의,커요,96,184
2XL,남성,상의,보통이에요,84,188
2XL,남성,상의,보통이에요,90,181
2XL,남성,상의,보통이에요,92,192
2XL,남성,상의,보통이에요,96,183
2XL,남성,상의,작아요,97,185
2XL,남성,상의,커요,100,181
2XL,남성,상의,보통이에요,95,190
2XL,남성,상의,보통이에요,90,184
2XL,남성,상의,보통이에요,90,184
2XL,남성,상의,보통이에요,90,184
2XL,남성,상의,보통이에요,82,171
2XL,남성,상의,보통이에요,90,186
2XL,남성,상의,보통이에요,90,170
2XL,여성,상의,커요,56,165
2XL,남성,상의,보통이에요,91,187
2XL,남성,상의,보통이에요,91,187
2XL,남성,상의,보통이에요,88,188
2XL,남성,상의,보통이에요,88,188
2XL,남성,상의,보통이에요,91,179
2XL,남성,상의,보통이에요,89,188
2XL,남성,상의,보통이에요,74,175
2XL,남성,상의,보통이에요,95,182
2XL,남성,상의,보통이에요,104,179
2XL,남성,상의,보통이에요,95,180
2XL,남성,상의,보통이에요,85,179
2XL,남성,상의,보통이에요,85,187
2XL,남성,상의,보통이에요,85,188
2XL,남성,상의,보통이에요,85,188
2XL,남성,상의,커요,113,183
2XL,남성,상의,보통이에요,77,180
2XL,남성,상의,보통이에요,78,181
2XL,남성,상의,보통이에요,78,181
2XL,남성,상의,보통이에요,81,179
S,남성,상의,보통이에요,65,174
L,남성,상의,보통이에요,85,180
L,남성,상의,보통이에요,85,180
XL,남성,상의,보통이에요,79,178
XL,남성,상의,보통이에요,82,180
XL,남성,상의,보통이에요,80,173
XL,남성,상의,보통이에요,65,168
XL,여성,상의,보통이에요,50,158
XL,여성,상의,커요,62,168
L,남성,상의,보통이에요,77,182
XL,남성,상의,보통이에요,68,176
2XL,여성,상의,보통이에요,52,169
2XL,남성,상의,보통이에요,78,184
2XL,남성,상의,보통이에요,75,180
2XL,남성,상의,보통이에요,80,179
XL,남성,상의,보통이에요,84,182
XL,남성,상의,보통이에요,84,182
2XL,남성,상의,보통이에요,76,173
XL,남성,상의,보통이에요,76,178
S,남성,상의,보통이에요,60,174
S,남성,상의,보통이에요,63,168
S,남성,상의,보통이에요,63,171
L,남성,상의,보통이에요,79,177
L,남성,상의,보통이에요,73,164
L,남성,상의,보통이에요,62,176
L,남성,상의,보통이에요,62,176
M,남성,상의,커요,68,170
M,남성,상의,커요,68,170
XL,남성,상의,보통이에요,72,178
XL,남성,상의,보통이에요,81,178
XL,남성,상의,보통이에요,83,174
M,남성,상의,보통이에요,76,170
M,남성,상의,보통이에요,76,170
L,남성,상의,보통이에요,74,181
L,남성,상의,보통이에요,66,173
XL,남성,상의,보통이에요,80,180
L,남성,상의,보통이에요,66,170
XL,남성,상의,커요,68,178
L,남성,상의,커요,67,168
L,남성,상의,커요,67,168
L,남성,상의,커요,67,168
S,여성,상의,보통이에요,50,162
S,남성,상의,보통이에요,60,168
L,남성,상의,보통이에요,58,178
S,여성,상의,보통이에요,58,168
L,남성,상의,보통이에요,72,173
L,남성,상의,보통이에요,72,175
L,남성,상의,보통이에요,60,175
L,남성,상의,커요,69,173
L,남성,상의,커요,69,173
L,남성,상의,보통이에요,74,180
L,남성,상의,보통이에요,73,174
L,남성,상의,보통이에요,75,183
L,남성,상의,보통이에요,65,185
L,남성,상의,커요,73,175
L,남성,상의,보통이에요,77,174
L,남성,상의,보통이에요,70,169
L,남성,상의,보통이에요,70,176
L,남성,상의,보통이에요,70,171
L,남성,상의,보통이에요,71,171
L,남성,상의,보통이에요,67,172
M,남성,상의,보통이에요,64,169
M,남성,상의,보통이에요,64,169
M,여성,상의,보통이에요,55,160
M,남성,상의,보통이에요,67,172
M,남성,상의,보통이에요,68,173
M,남성,상의,보통이에요,76,170
M,남성,상의,보통이에요,76,170
M,남성,상의,보통이에요,76,170
M,남성,상의,보통이에요,54,174
M,남성,상의,커요,60,170
M,남성,상의,보통이에요,66,170
M,남성,상의,보통이에요,78,174
M,남성,상의,보통이에요,70,170
M,남성,상의,보통이에요,63,167
S,여성,상의,보통이에요,47,166
XL,남성,상의,보통이에요,63,189
XL,남성,상의,보통이에요,85,173
XL,남성,상의,보통이에요,72,178
XL,남성,상의,보통이에요,82,181
XL,남성,상의,보통이에요,80,178
XS,여성,상의,보통이에요,52,160
XL,남성,상의,보통이에요,75,179
XL,남성,상의,보통이에요,76,183
XL,남성,상의,커요,90,180
L,남성,상의,커요,74,169
S,여성,상의,보통이에요,52,162
S,여성,상의,보통이에요,52,162
S,여성,상의,보통이에요,50,157
L,남성,상의,커요,72,180
L,남성,상의,커요,72,180
L,남성,상의,커요,72,180
L,남성,상의,보통이에요,78,180
L,남성,상의,보통이에요,69,175
L,남성,상의,보통이에요,72,177
L,남성,상의,보통이에요,69,182
L,남성,상의,보통이에요,82,173
L,남성,상의,보통이에요,67,172
L,남성,상의,보통이에요,73,175
L,남성,상의,보통이에요,85,185
L,남성,상의,보통이에요,85,185
M,남성,상의,보통이에요,75,174
M,남성,상의,보통이에요,60,167
M,남성,상의,커요,60,170
M,남성,상의,보통이에요,67,179
M,남성,상의,보통이에요,75,174
XL,남성,상의,보통이에요,90,181
XL,남성,상의,보통이에요,81,176
L,남성,상의,보통이에요,79,181
L,남성,상의,보통이에요,86,178
L,남성,상의,보통이에요,88,178
S,남성,상의,보통이에요,68,169
L,남성,상의,보통이에요,75,178
L,남성,상의,보통이에요,65,175
XL,남성,상의,커요,82,172
XL,남성,상의,보통이에요,78,184
L,남성,상의,보통이에요,82,180
L,남성,상의,보통이에요,74,181
L,남성,상의,보통이에요,71,176
L,남성,상의,보통이에요,85,180
L,남성,상의,보통이에요,71,171
L,남성,상의,보통이에요,70,180
L,남성,상의,보통이에요,70,180
L,남성,상의,보통이에요,70,178
L,남성,상의,보통이에요,74,181
L,남성,상의,보통이에요,74,181
L,남성,상의,보통이에요,85,180
L,남성,상의,보통이에요,86,172
M,남성,상의,보통이에요,68,164
M,남성,상의,보통이에요,68,164
M,남성,상의,보통이에요,70,177
M,남성,상의,보통이에요,62,171
M,남성,상의,보통이에요,57,175
M,남성,상의,보통이에요,58,180
M,여성,상의,보통이에요,68,170
M,여성,상의,보통이에요,68,170
M,남성,상의,보통이에요,62,163
L,남성,상의,보통이에요,73,174
L,남성,상의,보통이에요,93,187
L,남성,상의,보통이에요,70,183
L,남성,상의,보통이에요,76,178
L,남성,상의,보통이에요,76,178
L,남성,상의,보통이에요,76,178
L,남성,상의,보통이에요,75,173
M,남성,상의,보통이에요,80,186
M,남성,상의,보통이에요,85,183
S,여성,상의,보통이에요,37,155
S,여성,상의,커요,58,169
XS,남성,상의,보통이에요,70,174
L,남성,상의,보통이에요,70,175
XL,남성,상의,보통이에요,72,172
L,남성,상의,보통이에요,85,170
L,남성,상의,보통이에요,68,178
L,남성,상의,보통이에요,74,181
L,남성,상의,보통이에요,72,175
L,남성,상의,보통이에요,72,175
L,남성,상의,보통이에요,85,174
M,남성,상의,보통이에요,85,170
M,남성,상의,보통이에요,63,167
M,남성,상의,보통이에요,63,167
S,여성,상의,보통이에요,56,167
L,여성,상의,커요,75,175
XL,남성,상의,보통이에요,91,181
L,남성,상의,보통이에요,70,175
L,남성,상의,보통이에요,70,175
S,남성,상의,보통이에요,60,168
XL,남성,상의,보통이에요,80,181
XL,남성,상의,보통이에요,75,176
XL,남성,상의,보통이에요,73,175
XL,남성,상의,보통이에요,82,181
L,남성,상의,보통이에요,67,181
L,남성,상의,보통이에요,57,174
L,남성,상의,커요,78,174
S,여성,상의,보통이에요,44,156
L,남성,상의,보통이에요,65,170
M,남성,상의,보통이에요,63,172
XL,남성,상의,보통이에요,78,182
XL,남성,상의,보통이에요,75,175
S,남성,상의,보통이에요,63,172
L,남성,상의,보통이에요,78,185
L,남성,상의,보통이에요,75,175
L,남성,상의,보통이에요,75,175
M,여성,상의,커요,49,160
M,여성,상의,커요,49,160
M,여성,상의,커요,49,160
L,남성,상의,보통이에요,100,197
L,남성,상의,보통이에요,72,177
L,남성,상의,보통이에요,76,171
L,남성,상의,보통이에요,76,171
L,남성,상의,보통이에요,85,181
M,남성,상의,보통이에요,60,168
M,남성,상의,보통이에요,60,168
M,남성,상의,보통이에요,62,171
S,남성,상의,보통이에요,62,165
L,남성,상의,보통이에요,68,179
L,남성,상의,보통이에요,68,178
L,남성,상의,보통이에요,77,176
L,남성,상의,보통이에요,74,180
L,남성,상의,보통이에요,77,179
L,남성,상의,작아요,86,180
L,남성,상의,작아요,86,180
L,남성,상의,보통이에요,75,173
M,남성,상의,커요,65,170
M,남성,상의,보통이에요,70,166
M,남성,상의,보통이에요,66,172
M,남성,상의,보통이에요,65,176
M,남성,상의,보통이에요,76,172
M,남성,상의,보통이에요,53,173
XL,남성,상의,보통이에요,100,186
L,남성,상의,보통이에요,69,173
L,남성,상의,보통이에요,65,177
M,남성,상의,보통이에요,70,168
M,남성,상의,보통이에요,69,179
M,여성,상의,커요,74,162
S,남성,상의,커요,60,162
S,남성,상의,커요,60,162
L,남성,상의,보통이에요,65,170
M,여성,상의,커요,65,165
L,남성,상의,보통이에요,95,183
M,여성,상의,커요,50,160
M,남성,상의,보통이에요,68,173
M,남성,상의,보통이에요,70,172
M,남성,상의,보통이에요,70,172
XL,남성,상의,보통이에요,88,188
L,남성,상의,보통이에요,62,169
L,남성,상의,보통이에요,74,174
L,남성,상의,보통이에요,92,182
L,남성,상의,보통이에요,75,178
L,남성,상의,보통이에요,78,179
L,남성,상의,보통이에요,67,174
L,남성,상의,보통이에요,67,174
M,남성,상의,커요,54,160
M,남성,상의,보통이에요,56,176
M,여성,상의,커요,58,166
M,남성,상의,보통이에요,63,168
M,남성,상의,보통이에요,70,178
M,남성,상의,보통이에요,70,178
M,남성,상의,보통이에요,80,186
L,남성,상의,작아요,63,171
L,남성,상의,보통이에요,73,183
L,남성,상의,커요,75,171
L,남성,상의,보통이에요,68,172
M,남성,상의,커요,60,170
L,남성,상의,커요,72,172
L,남성,상의,보통이에요,73,174
L,남성,상의,보통이에요,68,180
L,남성,상의,보통이에요,75,180
L,남성,상의,보통이에요,68,173
L,남성,상의,보통이에요,68,178
L,남성,상의,보통이에요,73,178
L,여성,상의,보통이에요,60,168
L,남성,상의,커요,72,172
L,남성,상의,보통이에요,74,177
L,남성,상의,보통이에요,71,171
L,남성,상의,보통이에요,69,180
L,남성,상의,보통이에요,62,171
L,남성,상의,보통이에요,70,176
L,남성,상의,커요,69,180
L,남성,상의,커요,75,176
L,남성,상의,보통이에요,66,173
L,남성,상의,보통이에요,77,171
L,남성,상의,커요,78,180
L,남성,상의,보통이에요,60,170
L,남성,상의,보통이에요,74,177
L,남성,상의,보통이에요,71,181
L,남성,상의,보통이에요,69,174
L,남성,상의,보통이에요,71,181
L,남성,상의,보통이에요,82,170
L,남성,상의,보통이에요,71,184
L,남성,상의,보통이에요,73,178
L,남성,상의,보통이에요,78,181
L,남성,상의,보통이에요,78,181
L,남성,상의,보통이에요,71,181
L,여성,상의,커요,55,164
L,남성,상의,보통이에요,71,184
L,남성,상의,보통이에요,75,180
L,남성,상의,보통이에요,68,178
L,남성,상의,보통이에요,74,178
L,남성,상의,보통이에요,82,186
L,여성,상의,커요,80,181
L,남성,상의,보통이에요,68,178
L,남성,상의,보통이에요,69,175
L,남성,상의,보통이에요,69,175
L,여성,상의,보통이에요,62,165
L,남성,상의,보통이에요,69,175
L,여성,상의,보통이에요,60,168
L,남성,상의,커요,75,181
L,남성,상의,보통이에요,56,170
L,남성,상의,보통이에요,73,179
L,여성,상의,보통이에요,60,168
L,남성,상의,보통이에요,72,177
L,남성,상의,보통이에요,78,177
L,남성,상의,보통이에요,72,170
L,남성,상의,보통이에요,80,170
L,남성,상의,보통이에요,75,175
L,남성,상의,보통이에요,68,179
L,남성,상의,보통이에요,70,177
L,남성,상의,보통이에요,71,177
L,남성,상의,보통이에요,73,174
L,남성,상의,보통이에요,68,179
L,남성,상의,보통이에요,82,184
L,남성,상의,보통이에요,70,172
L,남성,상의,보통이에요,83,181
L,남성,상의,보통이에요,70,176
L,남성,상의,보통이에요,70,174
L,남성,상의,보통이에요,70,176
L,남성,상의,보통이에요,71,176
L,남성,상의,보통이에요,69,174
L,남성,상의,보통이에요,63,189
L,남성,상의,보통이에요,75,175
L,남성,상의,보통이에요,70,177
L,남성,상의,보통이에요,70,177
L,남성,상의,보통이에요,65,176
L,남성,상의,보통이에요,70,177
L,남성,상의,보통이에요,80,187
L,남성,상의,보통이에요,66,172
L,남성,상의,보통이에요,73,175
L,남성,상의,커요,72,180
L,남성,상의,보통이에요,80,187
L,남성,상의,보통이에요,73,175
L,남성,상의,보통이에요,88,181
L,남성,상의,보통이에요,88,181
L,남성,상의,보통이에요,68,172
L,남성,상의,보통이에요,75,171
L,남성,상의,보통이에요,88,181
L,남성,상의,보통이에요,69,174
L,남성,상의,보통이에요,74,177
L,남성,상의,보통이에요,80,187
L,여성,상의,보통이에요,53,165
L,여성,상의,보통이에요,63,175
L,여성,상의,보통이에요,44,164
L,남성,상의,보통이에요,65,179
L,여성,상의,보통이에요,53,158
L,남성,상의,보통이에요,70,174
L,남성,상의,보통이에요,72,177
L,남성,상의,보통이에요,65,177
L,남성,상의,보통이에요,68,174
L,남성,상의,보통이에요,80,187
L,남성,상의,보통이에요,80,185
L,남성,상의,보통이에요,85,174
L,남성,상의,보통이에요,82,174
L,남성,상의,보통이에요,78,178
L,남성,상의,커요,80,175
L,남성,상의,보통이에요,78,168
L,남성,상의,보통이에요,83,182
L,여성,상의,보통이에요,70,172
L,남성,상의,보통이에요,58,178
L,남성,상의,보통이에요,78,176
L,남성,상의,보통이에요,83,182
L,남성,상의,커요,78,175
L,여성,상의,보통이에요,47,166
L,남성,상의,보통이에요,78,176
L,여성,상의,보통이에요,47,166
L,남성,상의,보통이에요,60,167
L,남성,상의,보통이에요,78,183
L,남성,상의,보통이에요,68,178
L,남성,상의,보통이에요,60,167
L,남성,상의,커요,64,177
L,남성,상의,보통이에요,75,179
L,남성,상의,보통이에요,78,168
L,남성,상의,보통이에요,75,177
L,남성,상의,보통이에요,69,173
L,남성,상의,보통이에요,78,168
L,남성,상의,보통이에요,75,170
L,남성,상의,보통이에요,80,180
L,남성,상의,보통이에요,55,172
L,여성,상의,커요,55,164
L,남성,상의,보통이에요,71,176
L,남성,상의,보통이에요,71,175
L,남성,상의,보통이에요,78,168
L,남성,상의,보통이에요,76,170
L,남성,상의,보통이에요,90,181
L,남성,상의,보통이에요,55,172
L,남성,상의,보통이에요,74,175
L,남성,상의,보통이에요,64,170
L,남성,상의,보통이에요,74,175
L,남성,상의,보통이에요,75,172
L,남성,상의,보통이에요,72,177
L,남성,상의,커요,68,175
L,남성,상의,보통이에요,65,181
L,남성,상의,커요,69,175
L,남성,상의,보통이에요,76,170
L,남성,상의,보통이에요,80,180
L,남성,상의,커요,65,175
L,남성,상의,보통이에요,70,173
L,남성,상의,보통이에요,75,177
L,남성,상의,커요,70,176
L,여성,상의,커요,57,170
L,여성,상의,커요,60,168
L,여성,상의,보통이에요,70,167
L,남성,상의,보통이에요,82,179
L,남성,상의,보통이에요,70,180
L,남성,상의,보통이에요,62,178
L,남성,상의,보통이에요,75,175
L,남성,상의,보통이에요,78,177
L,여성,상의,보통이에요,70,167
L,남성,상의,보통이에요,68,175
L,여성,상의,보통이에요,60,170
L,남성,상의,보통이에요,65,178
L,남성,상의,보통이에요,75,177
L,여성,상의,보통이에요,65,164
L,남성,상의,보통이에요,70,171
L,남성,상의,보통이에요,72,168
L,남성,상의,보통이에요,72,168
L,남성,상의,보통이에요,70,171
L,남성,상의,보통이에요,63,171
L,남성,상의,보통이에요,78,171
L,남성,상의,보통이에요,78,171
L,남성,상의,보통이에요,79,178
L,남성,상의,커요,90,178
L,남성,상의,보통이에요,70,177
L,남성,상의,보통이에요,73,180
L,남성,상의,커요,70,173
L,남성,상의,보통이에요,78,185
L,남성,상의,보통이에요,76,172
L,여성,상의,커요,55,167
L,남성,상의,보통이에요,60,172
L,여성,상의,보통이에요,55,167
L,남성,상의,커요,76,178
L,남성,상의,커요,77,177
L,남성,상의,보통이에요,77,182
L,남성,상의,보통이에요,86,178
L,남성,상의,보통이에요,80,180
L,여성,상의,보통이에요,25,120
L,남성,상의,보통이에요,86,180
L,남성,상의,보통이에요,68,176
L,남성,상의,보통이에요,85,170
L,남성,상의,커요,70,170
L,남성,상의,보통이에요,72,176
L,남성,상의,보통이에요,61,174
L,남성,상의,작아요,80,178
L,남성,상의,보통이에요,68,176
L,남성,상의,보통이에요,68,176
L,남성,상의,보통이에요,69,178
L,남성,상의,작아요,80,175
L,남성,상의,보통이에요,81,185
L,남성,상의,작아요,80,175
L,여성,상의,보통이에요,62,165
L,남성,상의,보통이에요,68,174
L,남성,상의,보통이에요,68,175
L,남성,상의,보통이에요,75,174
L,남성,상의,보통이에요,83,178
L,여성,상의,커요,58,169
L,남성,상의,커요,75,183
L,남성,상의,보통이에요,75,182
L,남성,상의,보통이에요,68,178
L,남성,상의,보통이에요,75,180
L,여성,상의,보통이에요,54,163
L,남성,상의,커요,75,183
L,남성,상의,보통이에요,60,180
L,남성,상의,커요,59,175
L,남성,상의,보통이에요,73,168
L,남성,상의,보통이에요,75,180
L,여성,상의,커요,59,170
L,여성,상의,보통이에요,67,153
L,남성,상의,보통이에요,70,180
L,남성,상의,보통이에요,70,173
L,남성,상의,보통이에요,73,175
L,남성,상의,보통이에요,75,180
L,남성,상의,보통이에요,69,177
L,남성,상의,보통이에요,65,175
L,남성,상의,보통이에요,72,173
L,남성,상의,보통이에요,72,173
L,남성,상의,보통이에요,85,181
L,남성,상의,보통이에요,60,171
L,남성,상의,보통이에요,83,180
L,남성,상의,커요,63,171
L,남성,상의,보통이에요,66,181
L,남성,상의,보통이에요,72,178
L,남성,상의,보통이에요,72,178
L,남성,상의,보통이에요,64,183
L,남성,상의,보통이에요,78,180
L,남성,상의,보통이에요,52,171
L,남성,상의,커요,75,174
L,남성,상의,보통이에요,70,175
L,남성,상의,보통이에요,66,179
L,남성,상의,보통이에요,71,178
L,남성,상의,커요,65,174
L,남성,상의,작아요,77,178
L,남성,상의,보통이에요,66,179
L,남성,상의,보통이에요,77,178
L,남성,상의,커요,72,172
L,남성,상의,커요,78,178
L,남성,상의,보통이에요,72,172
L,남성,상의,보통이에요,65,183
L,남성,상의,보통이에요,70,180
L,남성,상의,보통이에요,70,180
L,남성,상의,보통이에요,78,178
L,남성,상의,보통이에요,69,174
L,남성,상의,보통이에요,80,175
L,남성,상의,보통이에요,68,169
L,남성,상의,보통이에요,80,175
L,남성,상의,보통이에요,69,174
L,남성,상의,보통이에요,72,177
L,남성,상의,보통이에요,58,170
L,남성,상의,보통이에요,70,177
L,남성,상의,작아요,68,169
L,남성,상의,보통이에요,77,178
L,남성,상의,보통이에요,77,181
L,남성,상의,커요,82,187
L,남성,상의,커요,77,179
L,남성,상의,보통이에요,82,187
L,남성,상의,보통이에요,62,172
L,여성,상의,보통이에요,63,170
L,남성,상의,보통이에요,79,181
L,남성,상의,보통이에요,80,175
L,남성,상의,커요,75,171
L,남성,상의,보통이에요,65,174
L,여성,상의,보통이에요,51,161
L,남성,상의,커요,65,177
L,남성,상의,보통이에요,78,175
L,남성,상의,커요,84,180
L,남성,상의,보통이에요,83,188
L,여성,상의,보통이에요,53,170
L,남성,상의,작아요,69,184
L,남성,상의,보통이에요,68,170
L,남성,상의,보통이에요,69,177
L,남성,상의,보통이에요,64,176
L,남성,상의,보통이에요,68,174
L,남성,상의,보통이에요,68,170
L,남성,상의,보통이에요,74,180
L,여성,상의,커요,58,170
L,남성,상의,보통이에요,67,172
L,남성,상의,보통이에요,69,170
L,여성,상의,보통이에요,57,173
L,남성,상의,보통이에요,77,179
L,남성,상의,보통이에요,82,177
L,남성,상의,보통이에요,83,176
L,남성,상의,보통이에요,76,182
L,남성,상의,보통이에요,68,173
L,남성,상의,보통이에요,67,173
L,남성,상의,커요,74,177
L,남성,상의,보통이에요,70,183
L,남성,상의,커요,72,182
L,남성,상의,보통이에요,70,177
L,남성,상의,보통이에요,54,170
L,여성,상의,커요,48,160
L,남성,상의,커요,70,172
L,남성,상의,보통이에요,67,171
L,남성,상의,보통이에요,75,181
L,여성,상의,보통이에요,53,165
L,남성,상의,보통이에요,85,174
L,남성,상의,커요,74,174
L,남성,상의,보통이에요,75,170
L,남성,상의,보통이에요,85,174
L,남성,상의,보통이에요,66,175
L,남성,상의,보통이에요,67,171
L,남성,상의,보통이에요,80,180
L,남성,상의,보통이에요,65,178
L,남성,상의,보통이에요,80,178
L,남성,상의,보통이에요,66,173
L,남성,상의,보통이에요,80,178
L,남성,상의,보통이에요,68,171
L,남성,상의,보통이에요,75,175
L,남성,상의,보통이에요,80,180
L,남성,상의,보통이에요,80,178
L,남성,상의,보통이에요,68,171
L,여성,상의,보통이에요,46,158
L,남성,상의,커요,78,181
L,남성,상의,커요,78,181
L,남성,상의,보통이에요,70,170
L,여성,상의,커요,60,160
L,남성,상의,보통이에요,57,168
L,남성,상의,보통이에요,80,170
L,여성,상의,커요,60,160
L,남성,상의,보통이에요,83,178
L,여성,상의,커요,57,170
L,남성,상의,보통이에요,74,172
L,남성,상의,보통이에요,88,176
L,남성,상의,보통이에요,60,172
L,남성,상의,커요,78,178
L,남성,상의,보통이에요,65,186
L,남성,상의,보통이에요,72,174
L,남성,상의,커요,83,174
L,여성,상의,커요,58,160
L,남성,상의,보통이에요,69,172
L,남성,상의,보통이에요,77,172
L,남성,상의,커요,78,178
L,남성,상의,보통이에요,62,185
L,여성,상의,보통이에요,50,160
L,남성,상의,보통이에요,76,177
L,남성,상의,보통이에요,68,178
L,남성,상의,보통이에요,84,188
L,남성,상의,커요,68,172
L,남성,상의,보통이에요,80,174
L,남성,상의,보통이에요,73,175
L,남성,상의,보통이에요,85,180
L,여성,상의,보통이에요,55,168
L,남성,상의,커요,70,170
L,남성,상의,보통이에요,70,173
L,남성,상의,보통이에요,74,178
L,남성,상의,보통이에요,74,178
L,남성,상의,보통이에요,75,176
L,남성,상의,보통이에요,70,175
L,남성,상의,보통이에요,75,174
L,남성,상의,커요,84,177
L,남성,상의,보통이에요,64,172
L,남성,상의,보통이에요,68,173
L,남성,상의,보통이에요,73,179
L,남성,상의,보통이에요,85,185
L,여성,상의,보통이에요,69,168
L,남성,상의,보통이에요,57,170
L,남성,상의,커요,82,175
L,남성,상의,보통이에요,94,181
L,남성,상의,보통이에요,63,173
L,남성,상의,보통이에요,57,170
L,남성,상의,커요,82,175
L,남성,상의,보통이에요,77,170
L,여성,상의,커요,47,156
L,남성,상의,보통이에요,78,173
L,남성,상의,작아요,82,184
L,여성,상의,커요,55,160
L,남성,상의,커요,94,181
L,남성,상의,보통이에요,78,173
L,여성,상의,커요,50,153
L,여성,상의,커요,50,153
L,남성,상의,보통이에요,70,177
L,남성,상의,보통이에요,63,173
L,남성,상의,보통이에요,70,174
L,남성,상의,보통이에요,70,177
L,남성,상의,보통이에요,75,185
L,남성,상의,보통이에요,75,173
L,남성,상의,보통이에요,73,180
L,여성,상의,커요,50,155
L,여성,상의,커요,50,155
L,여성,상의,커요,53,165
L,남성,상의,보통이에요,72,175
L,남성,상의,보통이에요,77,177
L,남성,상의,보통이에요,65,166
L,남성,상의,보통이에요,68,173
L,남성,상의,커요,82,175
L,남성,상의,보통이에요,70,175
L,남성,상의,보통이에요,70,175
L,남성,상의,보통이에요,73,176
L,남성,상의,보통이에요,65,182
L,남성,상의,보통이에요,91,187
L,남성,상의,보통이에요,70,170
L,남성,상의,보통이에요,73,176
L,여성,상의,커요,56,167
L,여성,상의,커요,65,165
L,남성,상의,보통이에요,70,170
L,여성,상의,보통이에요,57,173
L,남성,상의,보통이에요,73,176
L,여성,상의,보통이에요,58,178
L,여성,상의,보통이에요,58,178
L,남성,상의,보통이에요,71,180
L,남성,상의,보통이에요,73,178
L,남성,상의,보통이에요,71,180
L,남성,상의,보통이에요,76,174
L,남성,상의,보통이에요,75,173
L,남성,상의,보통이에요,74,184
L,남성,상의,보통이에요,75,173
L,남성,상의,보통이에요,76,174
L,남성,상의,보통이에요,75,173
L,남성,상의,보통이에요,86,174
L,남성,상의,보통이에요,75,173
L,남성,상의,보통이에요,68,172
L,남성,상의,보통이에요,75,173
L,여성,상의,보통이에요,57,162
L,여성,상의,보통이에요,57,162
L,남성,상의,보통이에요,65,174
L,여성,상의,보통이에요,57,162
L,남성,상의,보통이에요,69,171
L,남성,상의,보통이에요,63,173
L,남성,상의,보통이에요,65,177
L,여성,상의,보통이에요,67,168
L,남성,상의,커요,76,174
L,남성,상의,보통이에요,75,182
L,남성,상의,보통이에요,68,178
L,여성,상의,보통이에요,58,167
L,남성,상의,보통이에요,75,182
L,남성,상의,보통이에요,75,182
L,남성,상의,보통이에요,74,178
L,남성,상의,보통이에요,63,175
L,남성,상의,보통이에요,80,176
L,여성,상의,보통이에요,59,168
L,남성,상의,보통이에요,72,181
L,남성,상의,보통이에요,57,168
L,남성,상의,보통이에요,79,184
L,남성,상의,보통이에요,71,167
L,남성,상의,보통이에요,73,172
L,남성,상의,보통이에요,78,177
L,여성,상의,커요,52,156
L,여성,상의,보통이에요,52,156
L,남성,상의,보통이에요,85,178
L,남성,상의,보통이에요,78,177
L,여성,상의,커요,52,170
L,남성,상의,커요,73,167
L,남성,상의,보통이에요,69,173
L,남성,상의,보통이에요,75,179
L,여성,상의,보통이에요,52,161
L,남성,상의,보통이에요,83,181
L,남성,상의,보통이에요,67,180
L,남성,상의,보통이에요,73,171
L,남성,상의,보통이에요,80,168
L,남성,상의,보통이에요,78,180
L,남성,상의,보통이에요,64,178
L,남성,상의,보통이에요,70,174
L,여성,상의,보통이에요,52,161
L,남성,상의,보통이에요,83,181
L,남성,상의,보통이에요,77,180
L,남성,상의,커요,75,173
L,남성,상의,보통이에요,72,181
L,여성,상의,커요,82,175
L,남성,상의,보통이에요,85,176
L,남성,상의,보통이에요,70,174
L,남성,상의,보통이에요,78,178
L,남성,상의,보통이에요,75,179
L,남성,상의,보통이에요,85,176
L,남성,상의,보통이에요,69,180
L,남성,상의,보통이에요,85,176
L,남성,상의,보통이에요,80,178
L,남성,상의,보통이에요,65,171
L,남성,상의,보통이에요,69,180
L,남성,상의,커요,67,173
L,남성,상의,보통이에요,85,176
L,남성,상의,보통이에요,85,176
L,남성,상의,보통이에요,71,167
L,남성,상의,보통이에요,72,182
L,남성,상의,보통이에요,85,176
L,남성,상의,보통이에요,70,176
L,남성,상의,보통이에요,85,176
L,남성,상의,보통이에요,65,183
L,남성,상의,보통이에요,75,175
L,남성,상의,보통이에요,68,176
L,남성,상의,보통이에요,65,173
L,남성,상의,보통이에요,74,175
L,남성,상의,커요,71,167
L,남성,상의,보통이에요,85,176
L,남성,상의,보통이에요,80,179
L,남성,상의,보통이에요,80,176
L,남성,상의,보통이에요,75,175
L,남성,상의,보통이에요,77,171
L,남성,상의,보통이에요,74,175
L,여성,상의,보통이에요,65,177
L,남성,상의,보통이에요,95,180
L,남성,상의,보통이에요,68,176
L,여성,상의,보통이에요,54,164
L,남성,상의,보통이에요,88,187
L,남성,상의,보통이에요,81,173
L,남성,상의,보통이에요,95,180
L,남성,상의,보통이에요,81,173
L,남성,상의,보통이에요,63,181
L,남성,상의,보통이에요,63,170
L,남성,상의,보통이에요,63,170
L,남성,상의,보통이에요,68,176
L,남성,상의,보통이에요,74,177
L,여성,상의,커요,55,167
L,여성,상의,커요,75,164
L,남성,상의,커요,70,174
L,남성,상의,보통이에요,81,174
L,남성,상의,보통이에요,65,170
L,남성,상의,보통이에요,67,169
L,남성,상의,보통이에요,70,174
L,여성,상의,보통이에요,65,170
L,여성,상의,커요,55,167
L,여성,상의,보통이에요,68,176
L,여성,상의,보통이에요,68,180
L,남성,상의,보통이에요,67,173
L,남성,상의,보통이에요,72,182
L,남성,상의,보통이에요,80,175
L,여성,상의,보통이에요,65,165
L,남성,상의,보통이에요,72,182
L,남성,상의,커요,77,172
L,남성,상의,보통이에요,52,172
L,남성,상의,보통이에요,60,165
L,남성,상의,보통이에요,70,170
L,남성,상의,보통이에요,65,176
L,남성,상의,보통이에요,80,180
L,남성,상의,보통이에요,70,170
L,여성,상의,보통이에요,47,162
L,여성,상의,커요,45,160
L,남성,상의,보통이에요,63,183
L,남성,상의,보통이에요,74,174
L,남성,상의,보통이에요,93,187
L,남성,상의,보통이에요,73,178
L,남성,상의,보통이에요,74,174
L,남성,상의,보통이에요,77,178
L,남성,상의,보통이에요,93,187
L,여성,상의,보통이에요,47,162
L,남성,상의,보통이에요,79,176
L,여성,상의,커요,45,160
L,남성,상의,보통이에요,80,179
L,남성,상의,보통이에요,74,174
L,여성,상의,커요,57,165
L,남성,상의,보통이에요,74,174
L,여성,상의,보통이에요,65,165
L,남성,상의,보통이에요,79,176
L,남성,상의,보통이에요,72,176
L,남성,상의,보통이에요,72,176
L,남성,상의,보통이에요,70,170
L,남성,상의,보통이에요,65,175
L,남성,상의,보통이에요,65,175
L,남성,상의,보통이에요,62,179
L,남성,상의,보통이에요,62,179
L,남성,상의,보통이에요,62,179
L,남성,상의,보통이에요,54,169
L,남성,상의,보통이에요,75,170
L,남성,상의,보통이에요,90,184
L,남성,상의,보통이에요,72,175
L,남성,상의,보통이에요,78,176
L,남성,상의,보통이에요,90,184
L,남성,상의,보통이에요,76,177
L,남성,상의,보통이에요,69,174
L,남성,상의,보통이에요,80,175
L,남성,상의,보통이에요,74,184
L,남성,상의,보통이에요,80,175
L,남성,상의,보통이에요,76,181
L,남성,상의,보통이에요,72,175
L,남성,상의,커요,75,170
L,남성,상의,커요,75,170
L,남성,상의,커요,72,175
L,남성,상의,커요,75,170
L,남성,상의,보통이에요,85,181
L,여성,상의,보통이에요,57,163
L,남성,상의,보통이에요,80,176
L,남성,상의,보통이에요,73,180
L,남성,상의,보통이에요,76,181
L,남성,상의,보통이에요,75,175
L,여성,상의,커요,50,165
L,남성,상의,보통이에요,81,180
L,남성,상의,커요,60,175
L,남성,상의,보통이에요,69,173
L,남성,상의,보통이에요,75,179
L,여성,상의,보통이에요,59,160
L,남성,상의,보통이에요,70,172
L,남성,상의,보통이에요,67,172
L,남성,상의,보통이에요,60,174
L,남성,상의,보통이에요,68,165
L,남성,상의,보통이에요,65,176
L,남성,상의,커요,70,174
L,남성,상의,보통이에요,70,175
L,남성,상의,보통이에요,74,168
L,남성,상의,보통이에요,72,182
L,남성,상의,보통이에요,72,182
L,남성,상의,커요,75,180
L,남성,상의,커요,75,180
L,남성,상의,커요,75,180
L,남성,상의,보통이에요,80,188
L,여성,상의,보통이에요,60,180
L,여성,상의,보통이에요,60,180
L,남성,상의,보통이에요,70,178
L,남성,상의,보통이에요,70,178
L,남성,상의,보통이에요,77,178
L,남성,상의,커요,70,168
L,남성,상의,커요,75,177
L,남성,상의,보통이에요,66,166
L,남성,상의,보통이에요,110,185
L,남성,상의,보통이에요,85,180
L,남성,상의,보통이에요,74,174
L,남성,상의,보통이에요,78,177
L,남성,상의,보통이에요,75,177
L,남성,상의,보통이에요,74,170
L,남성,상의,보통이에요,83,178
L,남성,상의,보통이에요,60,172
L,남성,상의,보통이에요,65,170
L,남성,상의,보통이에요,75,174
L,남성,상의,보통이에요,70,180
L,남성,상의,커요,73,178
L,남성,상의,보통이에요,70,170
L,여성,상의,보통이에요,68,170
L,여성,상의,보통이에요,75,178
L,남성,상의,커요,97,173
L,남성,상의,보통이에요,65,175
S,남성,상의,보통이에요,66,171
L,남성,상의,작아요,73,178
L,남성,상의,보통이에요,72,170
M,남성,상의,보통이에요,64,174
M,남성,상의,보통이에요,64,174
M,남성,상의,보통이에요,55,177
S,남성,상의,보통이에요,74,177
L,남성,상의,보통이에요,74,174
L,남성,상의,보통이에요,74,174
L,남성,상의,보통이에요,75,180
L,남성,상의,커요,65,183
L,남성,상의,보통이에요,72,184
L,남성,상의,커요,74,174
L,남성,상의,보통이에요,68,170
L,남성,상의,보통이에요,68,170
L,남성,상의,보통이에요,80,175
L,남성,상의,보통이에요,52,172
M,남성,상의,보통이에요,63,170
M,남성,상의,보통이에요,63,172
M,남성,상의,커요,58,168
M,남성,상의,보통이에요,55,170
M,남성,상의,보통이에요,68,174
M,남성,상의,보통이에요,65,172
L,남성,상의,보통이에요,77,174
L,남성,상의,보통이에요,67,171
M,남성,상의,보통이에요,62,168
M,남성,상의,보통이에요,71,170
M,여성,상의,보통이에요,63,164
M,여성,상의,보통이에요,51,163
M,남성,상의,보통이에요,62,171
M,여성,상의,보통이에요,56,164
M,남성,상의,보통이에요,60,160
M,남성,상의,보통이에요,68,171
M,남성,상의,보통이에요,60,160
M,여성,상의,커요,44,160
M,남성,상의,보통이에요,76,176
M,여성,상의,커요,54,153
M,남성,상의,보통이에요,68,171
M,여성,상의,보통이에요,52,164
M,여성,상의,보통이에요,51,162
M,여성,상의,커요,52,159
M,여성,상의,커요,80,160
M,남성,상의,보통이에요,68,178
M,여성,상의,보통이에요,55,160
M,남성,상의,보통이에요,49,171
M,남성,상의,보통이에요,65,174
M,남성,상의,보통이에요,60,175
M,남성,상의,보통이에요,68,177
M,여성,상의,커요,55,160
M,남성,상의,보통이에요,65,170
M,남성,상의,커요,60,163
M,여성,상의,커요,44,160
M,남성,상의,보통이에요,60,175
M,여성,상의,커요,45,160
M,남성,상의,보통이에요,65,170
M,남성,상의,보통이에요,58,180
M,남성,상의,커요,60,163
M,남성,상의,보통이에요,55,174
M,여성,상의,보통이에요,58,167
M,남성,상의,보통이에요,60,170
M,남성,상의,보통이에요,65,172
M,남성,상의,커요,71,174
M,남성,상의,보통이에요,65,170
M,여성,상의,보통이에요,62,165
M,여성,상의,커요,52,158
M,여성,상의,보통이에요,55,167
M,여성,상의,커요,54,168
M,여성,상의,보통이에요,80,181
M,남성,상의,보통이에요,68,179
M,남성,상의,보통이에요,69,175
M,남성,상의,보통이에요,55,170
M,남성,상의,보통이에요,70,170
M,남성,상의,보통이에요,68,179
M,남성,상의,커요,55,170
M,남성,상의,보통이에요,70,171
M,남성,상의,보통이에요,68,179
M,남성,상의,보통이에요,75,173
M,남성,상의,보통이에요,55,170
M,남성,상의,보통이에요,62,171
M,남성,상의,보통이에요,80,181
M,남성,상의,보통이에요,70,177
M,남성,상의,보통이에요,56,176
M,여성,상의,보통이에요,45,156
M,여성,상의,보통이에요,56,180
M,남성,상의,보통이에요,59,170
M,여성,상의,보통이에요,59,166
M,여성,상의,보통이에요,100,169
M,여성,상의,보통이에요,56,180
M,여성,상의,커요,54,152
M,여성,상의,보통이에요,58,174
M,여성,상의,보통이에요,100,169
M,여성,상의,보통이에요,55,163
M,남성,상의,보통이에요,64,175
M,남성,상의,보통이에요,72,173
M,여성,상의,보통이에요,55,160
M,여성,상의,보통이에요,74,167
M,남성,상의,보통이에요,68,170
M,남성,상의,보통이에요,63,170
M,남성,상의,보통이에요,68,170
M,남성,상의,커요,63,170
M,남성,상의,보통이에요,68,170
M,남성,상의,보통이에요,58,167
M,남성,상의,보통이에요,56,164
M,남성,상의,보통이에요,60,169
M,남성,상의,보통이에요,58,167
M,여성,상의,보통이에요,50,164
M,남성,상의,보통이에요,83,172
M,남성,상의,보통이에요,60,160
M,여성,상의,보통이에요,52,164
M,남성,상의,보통이에요,68,168
M,여성,상의,보통이에요,44,162
M,남성,상의,보통이에요,74,181
M,남성,상의,보통이에요,65,170
M,여성,상의,작아요,55,165
M,여성,상의,커요,55,165
M,남성,상의,보통이에요,86,185
M,남성,상의,보통이에요,75,178
M,남성,상의,보통이에요,68,174
M,여성,상의,커요,49,160
M,남성,상의,보통이에요,75,178
M,남성,상의,보통이에요,66,172
M,남성,상의,보통이에요,65,173
M,남성,상의,보통이에요,65,172
M,남성,상의,보통이에요,55,168
M,남성,상의,보통이에요,78,172
M,남성,상의,보통이에요,75,178
M,남성,상의,보통이에요,75,173
M,남성,상의,보통이에요,72,174
M,남성,상의,보통이에요,63,171
M,여성,상의,커요,54,163
M,여성,상의,보통이에요,55,168
M,여성,상의,보통이에요,57,165
M,남성,상의,보통이에요,60,168
M,남성,상의,보통이에요,65,174
M,남성,상의,보통이에요,63,174
M,남성,상의,보통이에요,82,180
M,남성,상의,보통이에요,72,174
M,남성,상의,보통이에요,65,170
M,여성,상의,커요,49,157
M,남성,상의,보통이에요,63,174
M,여성,상의,보통이에요,49,162
M,여성,상의,보통이에요,66,170
M,남성,상의,보통이에요,73,173
M,남성,상의,보통이에요,65,170
M,여성,상의,커요,53,165
M,여성,상의,보통이에요,56,170
M,남성,상의,보통이에요,69,174
M,남성,상의,보통이에요,71,177
M,여성,상의,보통이에요,66,169
M,남성,상의,보통이에요,69,176
M,남성,상의,보통이에요,65,163
M,여성,상의,보통이에요,60,160
M,여성,상의,커요,46,160
M,여성,상의,보통이에요,56,170
M,여성,상의,커요,56,165
M,여성,상의,보통이에요,69,165
M,여성,상의,커요,54,165
M,남성,상의,보통이에요,73,178
M,남성,상의,보통이에요,75,185
M,남성,상의,보통이에요,61,170
M,남성,상의,보통이에요,73,178
M,남성,상의,보통이에요,63,165
M,남성,상의,보통이에요,75,185
M,여성,상의,커요,57,167
M,남성,상의,보통이에요,85,178
M,여성,상의,보통이에요,53,160
M,여성,상의,커요,57,167
M,여성,상의,보통이에요,47,166
M,여성,상의,보통이에요,58,165
M,여성,상의,보통이에요,47,166
M,남성,상의,보통이에요,78,176
M,남성,상의,보통이에요,78,168
M,여성,상의,커요,57,164
M,여성,상의,보통이에요,58,165
M,여성,상의,보통이에요,47,165
M,남성,상의,보통이에요,60,175
M,남성,상의,보통이에요,78,176
M,남성,상의,보통이에요,63,170
M,여성,상의,보통이에요,58,165
M,남성,상의,보통이에요,48,167
M,여성,상의,보통이에요,48,165
M,여성,상의,보통이에요,58,165
M,여성,상의,보통이에요,58,165
M,여성,상의,보통이에요,63,173
M,여성,상의,보통이에요,56,165
M,남성,상의,커요,69,170
M,남성,상의,보통이에요,60,174
M,남성,상의,보통이에요,63,174
M,여성,상의,보통이에요,47,157
M,남성,상의,보통이에요,63,174
M,여성,상의,보통이에요,63,164
M,남성,상의,보통이에요,65,175
M,여성,상의,보통이에요,63,164
M,남성,상의,보통이에요,70,177
M,남성,상의,보통이에요,65,171
M,여성,상의,커요,46,160
M,남성,상의,보통이에요,55,177
M,남성,상의,보통이에요,67,168
M,여성,상의,보통이에요,55,168
M,여성,상의,보통이에요,55,163
M,남성,상의,보통이에요,64,169
M,여성,상의,보통이에요,45,155
M,여성,상의,보통이에요,58,175
M,남성,상의,보통이에요,65,170
M,남성,상의,보통이에요,76,181
M,여성,상의,보통이에요,55,172
M,남성,상의,보통이에요,68,180
M,여성,상의,보통이에요,50,162
M,여성,상의,보통이에요,50,162
M,여성,상의,보통이에요,58,158
M,남성,상의,보통이에요,58,182
M,남성,상의,보통이에요,58,182
M,남성,상의,보통이에요,74,170
M,남성,상의,보통이에요,58,162
M,여성,상의,보통이에요,53,165
M,남성,상의,보통이에요,64,168
M,여성,상의,보통이에요,50,163
M,여성,상의,작아요,40,158
M,여성,상의,작아요,40,158
M,여성,상의,보통이에요,49,160
M,남성,상의,보통이에요,63,170
M,남성,상의,커요,55,183
M,여성,상의,보통이에요,58,168
M,남성,상의,보통이에요,60,168
M,남성,상의,보통이에요,66,171
M,남성,상의,보통이에요,68,168
M,남성,상의,보통이에요,69,173
M,남성,상의,보통이에요,55,164
M,남성,상의,보통이에요,63,169
M,남성,상의,보통이에요,63,169
M,남성,상의,보통이에요,75,179
M,남성,상의,보통이에요,70,170
M,여성,상의,보통이에요,48,166
M,남성,상의,보통이에요,68,172
M,남성,상의,보통이에요,83,178
M,남성,상의,보통이에요,50,165
M,남성,상의,보통이에요,70,175
M,여성,상의,보통이에요,55,166
M,남성,상의,보통이에요,90,170
M,남성,상의,보통이에요,51,165
M,여성,상의,보통이에요,45,162
M,여성,상의,보통이에요,100,164
M,남성,상의,보통이에요,70,175
M,남성,상의,보통이에요,73,175
M,남성,상의,커요,65,165
M,여성,상의,커요,48,163
M,여성,상의,보통이에요,68,175
M,남성,상의,커요,66,176
M,남성,상의,보통이에요,60,171
M,여성,상의,보통이에요,58,165
M,남성,상의,보통이에요,77,174
M,여성,상의,보통이에요,54,156
M,남성,상의,보통이에요,60,166
M,여성,상의,보통이에요,55,163
M,남성,상의,보통이에요,74,171
M,남성,상의,보통이에요,70,170
M,여성,상의,보통이에요,53,162
M,남성,상의,보통이에요,77,173
M,여성,상의,보통이에요,50,160
M,남성,상의,보통이에요,77,173
M,남성,상의,보통이에요,77,173
M,남성,상의,보통이에요,66,171
M,남성,상의,커요,65,167
M,남성,상의,보통이에요,66,170
M,남성,상의,보통이에요,67,163
M,남성,상의,보통이에요,68,174
M,남성,상의,보통이에요,60,170
M,남성,상의,보통이에요,65,167
M,남성,상의,보통이에요,73,173
M,남성,상의,보통이에요,73,173
M,남성,상의,보통이에요,73,173
M,남성,상의,보통이에요,73,179
M,남성,상의,보통이에요,60,167
M,남성,상의,보통이에요,67,174
M,남성,상의,보통이에요,64,176
M,여성,상의,커요,60,156
M,남성,상의,보통이에요,58,172
M,여성,상의,보통이에요,60,163
M,남성,상의,커요,70,172
M,남성,상의,보통이에요,67,170
M,여성,상의,보통이에요,49,156
M,남성,상의,보통이에요,73,171
M,남성,상의,커요,66,170
M,남성,상의,보통이에요,75,173
M,여성,상의,보통이에요,55,163
M,남성,상의,보통이에요,67,169
M,여성,상의,보통이에요,100,100
M,남성,상의,보통이에요,60,165
M,남성,상의,보통이에요,75,179
M,남성,상의,보통이에요,63,172
M,여성,상의,커요,53,160
M,여성,상의,커요,60,167
M,여성,상의,보통이에요,45,155
M,남성,상의,보통이에요,72,167
M,남성,상의,보통이에요,78,178
M,남성,상의,보통이에요,80,177
M,남성,상의,보통이에요,50,165
M,남성,상의,보통이에요,60,168
M,여성,상의,보통이에요,55,158
M,남성,상의,보통이에요,60,168
M,남성,상의,보통이에요,58,170
M,남성,상의,보통이에요,63,173
M,남성,상의,보통이에요,100,100
M,남성,상의,보통이에요,100,100
M,남성,상의,보통이에요,54,157
M,남성,상의,보통이에요,67,171
M,남성,상의,보통이에요,71,174
M,남성,상의,보통이에요,67,171
M,남성,상의,보통이에요,58,172
M,여성,상의,보통이에요,64,165
M,남성,상의,보통이에요,70,170
M,여성,상의,보통이에요,54,159
M,남성,상의,보통이에요,74,174
M,남성,상의,보통이에요,66,173
M,남성,상의,보통이에요,53,163
M,남성,상의,보통이에요,66,168
M,남성,상의,보통이에요,55,173
M,남성,상의,보통이에요,74,170
M,남성,상의,보통이에요,73,175
M,남성,상의,커요,75,175
M,남성,상의,보통이에요,65,172
M,여성,상의,보통이에요,85,174
M,여성,상의,보통이에요,52,168
M,남성,상의,보통이에요,66,177
M,여성,상의,보통이에요,57,173
M,여성,상의,커요,44,157
M,남성,상의,보통이에요,66,177
M,남성,상의,보통이에요,55,170
M,여성,상의,커요,54,160
M,남성,상의,커요,62,172
M,여성,상의,보통이에요,55,175
M,여성,상의,보통이에요,46,161
M,남성,상의,보통이에요,54,167
M,여성,상의,보통이에요,30,165
M,남성,상의,보통이에요,67,170
M,여성,상의,커요,49,163
M,여성,상의,보통이에요,42,162
M,여성,상의,보통이에요,47,163
M,남성,상의,보통이에요,76,173
M,남성,상의,보통이에요,70,177
M,남성,상의,보통이에요,78,178
M,여성,상의,보통이에요,60,168
M,남성,상의,보통이에요,70,177
M,여성,상의,보통이에요,60,168
M,남성,상의,보통이에요,69,176
M,남성,상의,보통이에요,55,170
M,남성,상의,커요,66,174
M,남성,상의,보통이에요,70,173
M,여성,상의,보통이에요,53,166
M,남성,상의,보통이에요,58,178
M,여성,상의,보통이에요,48,155
M,남성,상의,보통이에요,62,170
M,여성,상의,커요,48,155
M,남성,상의,보통이에요,75,174
M,남성,상의,보통이에요,75,176
M,남성,상의,보통이에요,71,170
M,남성,상의,보통이에요,74,178
M,남성,상의,보통이에요,58,172
M,여성,상의,보통이에요,44,160
M,여성,상의,커요,44,164
M,여성,상의,작아요,60,172
M,남성,상의,보통이에요,60,170
M,여성,상의,커요,44,164
M,남성,상의,보통이에요,66,169
M,여성,상의,보통이에요,53,162
M,남성,상의,커요,55,165
M,여성,상의,보통이에요,44,160
M,여성,상의,보통이에요,52,168
M,남성,상의,보통이에요,74,176
M,남성,상의,보통이에요,60,168
M,남성,상의,보통이에요,65,168
M,남성,상의,보통이에요,73,173
M,여성,상의,보통이에요,53,164
M,남성,상의,보통이에요,65,168
M,여성,상의,보통이에요,50,160
M,여성,상의,커요,54,168
M,여성,상의,보통이에요,55,160
M,여성,상의,보통이에요,55,165
M,남성,상의,보통이에요,60,163
M,남성,상의,보통이에요,64,171
M,여성,상의,보통이에요,44,160
M,여성,상의,보통이에요,54,168
M,남성,상의,보통이에요,90,186
M,남성,상의,보통이에요,60,163
M,남성,상의,보통이에요,61,172
M,여성,상의,커요,60,155
M,여성,상의,커요,41,159
M,남성,상의,보통이에요,64,171
M,여성,상의,커요,60,155
M,여성,상의,보통이에요,57,161
M,여성,상의,보통이에요,60,165
M,여성,상의,보통이에요,40,158
M,남성,상의,보통이에요,60,168
M,여성,상의,커요,53,162
M,남성,상의,보통이에요,76,179
M,여성,상의,커요,48,160
M,여성,상의,커요,53,162
M,남성,상의,보통이에요,68,180
M,여성,상의,커요,52,164
M,남성,상의,보통이에요,60,173
M,여성,상의,커요,48,153
M,여성,상의,보통이에요,50,164
M,남성,상의,보통이에요,65,179
M,남성,상의,보통이에요,62,173
M,남성,상의,보통이에요,64,171
M,여성,상의,보통이에요,52,164
M,남성,상의,보통이에요,50,170
M,남성,상의,보통이에요,60,168
M,여성,상의,보통이에요,50,160
M,남성,상의,보통이에요,73,177
M,남성,상의,보통이에요,70,170
M,남성,상의,보통이에요,65,169
M,여성,상의,보통이에요,59,168
M,남성,상의,보통이에요,68,170
M,남성,상의,보통이에요,53,173
M,남성,상의,보통이에요,72,174
M,여성,상의,보통이에요,56,165
M,남성,상의,보통이에요,85,183
M,남성,상의,보통이에요,60,174
M,남성,상의,보통이에요,57,167
M,남성,상의,보통이에요,85,183
M,남성,상의,보통이에요,57,167
M,여성,상의,커요,62,163
M,여성,상의,보통이에요,50,160
M,남성,상의,보통이에요,57,167
M,남성,상의,보통이에요,57,167
M,남성,상의,보통이에요,60,168
M,남성,상의,보통이에요,60,168
M,남성,상의,보통이에요,57,167
M,여성,상의,커요,50,154
M,남성,상의,보통이에요,65,170
M,남성,상의,커요,70,168
M,여성,상의,보통이에요,59,165
M,남성,상의,보통이에요,73,171
M,남성,상의,보통이에요,57,167
M,여성,상의,커요,52,164
M,남성,상의,보통이에요,70,175
M,여성,상의,보통이에요,62,176
M,남성,상의,커요,61,170
M,남성,상의,보통이에요,68,169
M,여성,상의,보통이에요,50,155
M,남성,상의,보통이에요,65,174
M,남성,상의,보통이에요,68,169
M,남성,상의,보통이에요,71,180
M,여성,상의,보통이에요,65,169
M,남성,상의,보통이에요,63,171
M,남성,상의,보통이에요,56,163
M,여성,상의,커요,50,164
M,남성,상의,보통이에요,70,173
M,여성,상의,보통이에요,55,160
M,여성,상의,보통이에요,60,163
M,남성,상의,보통이에요,63,171
M,여성,상의,커요,50,164
M,남성,상의,보통이에요,70,173
M,남성,상의,커요,75,175
M,여성,상의,보통이에요,52,160
M,여성,상의,커요,50,164
M,남성,상의,보통이에요,56,163
M,남성,상의,보통이에요,77,178
M,남성,상의,보통이에요,73,183
M,남성,상의,보통이에요,63,171
M,남성,상의,보통이에요,63,171
M,여성,상의,보통이에요,43,158
M,남성,상의,보통이에요,78,176
M,남성,상의,보통이에요,60,161
M,남성,상의,보통이에요,60,170
M,남성,상의,보통이에요,58,170
M,남성,상의,보통이에요,60,162
M,남성,상의,보통이에요,64,170
M,남성,상의,보통이에요,68,174
M,남성,상의,보통이에요,59,172
M,남성,상의,보통이에요,59,172
M,남성,상의,보통이에요,68,173
M,남성,상의,보통이에요,63,173
M,남성,상의,보통이에요,60,180
M,여성,상의,보통이에요,48,160
M,남성,상의,보통이에요,68,173
M,남성,상의,커요,60,162
M,남성,상의,보통이에요,68,172
M,남성,상의,커요,60,168
M,여성,상의,보통이에요,55,163
M,남성,상의,보통이에요,62,170
M,여성,상의,보통이에요,57,165
M,여성,상의,보통이에요,55,163
M,여성,상의,커요,59,173
M,남성,상의,보통이에요,65,169
M,남성,상의,커요,67,171
M,남성,상의,커요,68,168
M,여성,상의,보통이에요,57,165
M,남성,상의,커요,77,171
M,남성,상의,작아요,64,175
M,남성,상의,커요,61,168
M,남성,상의,보통이에요,68,175
M,남성,상의,보통이에요,73,177
M,여성,상의,보통이에요,42,160
M,여성,상의,보통이에요,58,165
M,남성,상의,보통이에요,68,175
M,남성,상의,보통이에요,81,174
M,남성,상의,보통이에요,63,181
M,여성,상의,보통이에요,55,160
M,남성,상의,보통이에요,81,174
M,여성,상의,보통이에요,55,160
M,남성,상의,보통이에요,70,176
M,여성,상의,보통이에요,54,163
M,남성,상의,보통이에요,65,172
M,여성,상의,보통이에요,65,160
M,여성,상의,작아요,65,160
M,남성,상의,보통이에요,65,172
M,남성,상의,커요,99,199
M,여성,상의,보통이에요,60,164
M,남성,상의,보통이에요,65,172
M,여성,상의,커요,50,156
M,남성,상의,보통이에요,62,169
M,여성,상의,보통이에요,57,167
M,여성,상의,커요,52,165
M,남성,상의,보통이에요,67,175
M,남성,상의,보통이에요,77,172
M,여성,상의,커요,52,165
M,남성,상의,커요,64,178
M,남성,상의,보통이에요,76,172
M,남성,상의,보통이에요,77,177
M,남성,상의,보통이에요,78,172
M,남성,상의,보통이에요,73,170
M,남성,상의,보통이에요,68,173
M,여성,상의,커요,68,168
M,여성,상의,보통이에요,55,160
M,여성,상의,보통이에요,48,157
M,남성,상의,보통이에요,68,173
M,남성,상의,보통이에요,60,172
M,남성,상의,보통이에요,66,169
M,남성,상의,보통이에요,75,174
M,여성,상의,보통이에요,52,165
M,남성,상의,커요,52,170
M,남성,상의,보통이에요,75,171
M,여성,상의,보통이에요,47,162
M,여성,상의,보통이에요,53,162
M,남성,상의,보통이에요,58,163
M,남성,상의,보통이에요,75,171
M,여성,상의,보통이에요,53,162
M,남성,상의,보통이에요,58,163
M,남성,상의,보통이에요,55,176
M,여성,상의,보통이에요,55,160
M,여성,상의,보통이에요,56,166
M,남성,상의,보통이에요,58,163
M,여성,상의,보통이에요,52,165
M,남성,상의,보통이에요,75,174
M,남성,상의,보통이에요,58,163
M,남성,상의,보통이에요,55,176
M,남성,상의,보통이에요,70,178
M,남성,상의,보통이에요,64,174
M,여성,상의,커요,52,165
M,남성,상의,보통이에요,70,178
M,여성,상의,보통이에요,55,155
M,남성,상의,보통이에요,75,171
M,남성,상의,보통이에요,65,174
M,남성,상의,보통이에요,69,174
M,남성,상의,보통이에요,72,176
M,남성,상의,보통이에요,72,176
M,남성,상의,보통이에요,69,174
M,남성,상의,커요,64,167
M,남성,상의,커요,54,169
M,여성,상의,보통이에요,48,158
M,여성,상의,보통이에요,51,157
M,남성,상의,보통이에요,60,176
M,남성,상의,커요,90,184
M,남성,상의,보통이에요,69,174
M,남성,상의,커요,55,171
M,남성,상의,보통이에요,62,170
M,남성,상의,보통이에요,76,179
M,남성,상의,커요,64,173
M,남성,상의,커요,63,169
M,남성,상의,보통이에요,73,180
M,남성,상의,보통이에요,76,179
M,남성,상의,보통이에요,75,180
M,남성,상의,보통이에요,78,175
M,남성,상의,보통이에요,64,173
M,남성,상의,보통이에요,77,175
M,남성,상의,보통이에요,76,179
M,남성,상의,보통이에요,62,175
M,남성,상의,보통이에요,64,173
M,남성,상의,커요,64,173
M,남성,상의,보통이에요,76,179
M,남성,상의,보통이에요,67,175
M,남성,상의,보통이에요,76,181
M,여성,상의,보통이에요,45,155
M,남성,상의,보통이에요,60,171
M,남성,상의,보통이에요,65,170
M,남성,상의,보통이에요,65,170
M,남성,상의,보통이에요,65,170
M,남성,상의,보통이에요,63,169
M,여성,상의,보통이에요,60,158
M,여성,상의,보통이에요,60,158
M,여성,상의,보통이에요,50,160
M,남성,상의,보통이에요,61,180
M,남성,상의,보통이에요,70,173
M,남성,상의,보통이에요,56,180
M,남성,상의,보통이에요,56,180
M,여성,상의,커요,52,160
M,여성,상의,커요,52,160
M,여성,상의,작아요,50,162
M,여성,상의,보통이에요,55,167
M,여성,상의,커요,58,162
M,남성,상의,보통이에요,72,179
M,남성,상의,작아요,56,166
M,여성,상의,커요,55,163
M,여성,상의,커요,48,152
M,여성,상의,보통이에요,59,164
M,여성,상의,커요,48,166
M,남성,상의,보통이에요,73,170
M,남성,상의,보통이에요,73,179
M,남성,상의,보통이에요,56,170
M,남성,상의,보통이에요,67,172
M,여성,상의,보통이에요,59,169
M,여성,상의,보통이에요,55,160
M,남성,상의,보통이에요,50,162
M,남성,상의,보통이에요,60,171
M,여성,상의,커요,59,164
M,남성,상의,보통이에요,66,177
M,여성,상의,보통이에요,52,168
M,남성,상의,보통이에요,62,171
M,남성,상의,보통이에요,63,170
M,남성,상의,보통이에요,58,176
M,남성,상의,커요,78,172
M,남성,상의,보통이에요,68,177
M,여성,상의,보통이에요,52,170
M,여성,상의,커요,70,164
M,여성,상의,커요,54,167
M,여성,상의,커요,52,164
M,여성,상의,커요,55,162
M,여성,상의,보통이에요,45,168
M,남성,상의,보통이에요,70,170
M,남성,상의,보통이에요,62,175
M,남성,상의,보통이에요,62,175
M,남성,상의,보통이에요,62,175
M,여성,상의,커요,65,163
M,여성,상의,커요,65,163
M,남성,상의,보통이에요,75,180
M,남성,상의,보통이에요,83,172
M,남성,상의,보통이에요,74,172
M,여성,상의,커요,50,157
M,여성,상의,보통이에요,30,167
M,여성,상의,보통이에요,63,164
M,남성,상의,보통이에요,64,177
M,남성,상의,보통이에요,56,165
M,남성,상의,보통이에요,60,170
M,여성,상의,커요,66,173
M,남성,상의,커요,62,170
M,여성,상의,커요,50,167
M,남성,상의,보통이에요,74,178
M,남성,상의,보통이에요,75,181
M,남성,상의,보통이에요,74,178
M,남성,상의,보통이에요,68,178
M,남성,상의,보통이에요,62,174
M,남성,상의,커요,70,172
M,남성,상의,커요,70,172
M,남성,상의,보통이에요,64,175
M,여성,상의,보통이에요,48,152
M,여성,상의,커요,55,160
M,남성,상의,보통이에요,76,175
M,남성,상의,보통이에요,53,173
M,남성,상의,커요,61,168
L,남성,상의,보통이에요,78,168
M,남성,상의,커요,70,177
M,여성,상의,보통이에요,57,165
L,남성,상의,보통이에요,72,181
L,남성,상의,보통이에요,73,176
M,남성,상의,보통이에요,53,173
M,남성,상의,커요,65,172
L,남성,상의,보통이에요,66,171
L,남성,상의,보통이에요,65,177
M,남성,상의,보통이에요,55,173
M,남성,상의,보통이에요,70,176
M,여성,상의,보통이에요,61,171
M,여성,상의,보통이에요,61,171
L,남성,상의,보통이에요,68,175
XL,남성,상의,보통이에요,80,180
L,남성,상의,보통이에요,75,182
L,남성,상의,보통이에요,79,183
L,남성,상의,보통이에요,74,176
L,남성,상의,커요,75,173
L,남성,상의,커요,68,175
L,여성,상의,보통이에요,70,170
M,남성,상의,보통이에요,62,171
M,남성,상의,보통이에요,60,175
M,남성,상의,보통이에요,60,175
M,남성,상의,보통이에요,60,177
M,남성,상의,보통이에요,73,176
M,남성,상의,커요,70,170
M,남성,상의,보통이에요,59,171
M,남성,상의,보통이에요,60,170
M,남성,상의,보통이에요,60,170
M,남성,상의,보통이에요,60,168
S,남성,상의,보통이에요,68,170
S,남성,상의,커요,41,160
XS,여성,상의,보통이에요,54,163
S,여성,상의,보통이에요,48,160
XL,남성,상의,보통이에요,79,175
L,남성,상의,커요,68,176
L,남성,상의,보통이에요,88,176
L,남성,상의,보통이에요,75,174
M,남성,상의,보통이에요,63,171
M,남성,상의,보통이에요,60,170
M,남성,상의,보통이에요,70,174
M,여성,상의,보통이에요,50,150
L,남성,상의,보통이에요,72,173
M,남성,상의,보통이에요,58,170
M,남성,상의,보통이에요,63,167
L,남성,상의,보통이에요,60,180
L,남성,상의,커요,75,173
S,여성,상의,커요,48,157
S,여성,상의,커요,46,154
L,남성,상의,보통이에요,71,173
L,남성,상의,보통이에요,75,181
M,남성,상의,보통이에요,65,169
M,남성,상의,보통이에요,65,169
M,여성,상의,보통이에요,50,160
L,남성,상의,보통이에요,58,166
L,남성,상의,보통이에요,69,177
S,남성,상의,보통이에요,56,170
S,남성,상의,보통이에요,58,167
S,남성,상의,보통이에요,58,167
S,남성,상의,보통이에요,52,165
S,남성,상의,보통이에요,63,173
S,남성,상의,보통이에요,63,173
S,여성,상의,커요,40,161
S,남성,상의,보통이에요,58,167
S,남성,상의,보통이에요,58,167
S,남성,상의,커요,63,172
S,여성,상의,보통이에요,43,159
S,남성,상의,보통이에요,50,160
S,여성,상의,커요,55,154
S,여성,상의,커요,55,154
S,여성,상의,커요,48,153
S,여성,상의,보통이에요,43,159
S,여성,상의,보통이에요,52,160
S,남성,상의,보통이에요,55,170
S,남성,상의,커요,66,176
S,여성,상의,보통이에요,60,165
S,남성,상의,보통이에요,75,173
S,남성,상의,보통이에요,62,163
S,남성,상의,보통이에요,75,169
S,여성,상의,보통이에요,44,158
S,여성,상의,보통이에요,54,164
S,여성,상의,보통이에요,55,160
S,여성,상의,보통이에요,50,160
S,남성,상의,커요,65,172
S,여성,상의,보통이에요,47,162
S,남성,상의,커요,58,167
S,여성,상의,보통이에요,56,163
S,남성,상의,보통이에요,59,174
S,여성,상의,보통이에요,52,164
S,여성,상의,보통이에요,52,164
S,남성,상의,작아요,69,174
S,남성,상의,커요,61,166
S,남성,상의,보통이에요,54,168
S,남성,상의,보통이에요,51,170
S,남성,상의,보통이에요,60,160
S,남성,상의,보통이에요,58,167
S,여성,상의,보통이에요,52,164
S,여성,상의,보통이에요,56,170
S,남성,상의,보통이에요,74,170
S,여성,상의,보통이에요,55,160
S,여성,상의,보통이에요,55,159
S,여성,상의,보통이에요,40,155
S,여성,상의,보통이에요,56,170
S,남성,상의,보통이에요,54,160
S,여성,상의,보통이에요,56,160
S,여성,상의,보통이에요,46,160
S,여성,상의,보통이에요,51,161
S,여성,상의,보통이에요,55,164
S,여성,상의,커요,46,162
S,여성,상의,커요,46,162
S,여성,상의,보통이에요,55,164
S,여성,상의,보통이에요,55,164
S,여성,상의,보통이에요,46,160
S,여성,상의,보통이에요,52,165
S,여성,상의,보통이에요,52,165
S,여성,상의,보통이에요,52,165
S,여성,상의,보통이에요,52,157
S,여성,상의,보통이에요,52,157
S,여성,상의,보통이에요,44,160
S,남성,상의,보통이에요,70,166
S,남성,상의,보통이에요,50,162
S,여성,상의,보통이에요,55,165
S,남성,상의,보통이에요,76,175
S,여성,상의,커요,55,160
S,남성,상의,보통이에요,70,177
S,여성,상의,커요,53,165
S,여성,상의,커요,48,158
S,남성,상의,보통이에요,71,178
S,여성,상의,보통이에요,60,160
S,남성,상의,보통이에요,59,173
S,남성,상의,보통이에요,65,168
S,여성,상의,보통이에요,47,164
S,여성,상의,커요,56,164
S,여성,상의,보통이에요,56,164
S,여성,상의,보통이에요,54,154
S,남성,상의,보통이에요,58,160
S,남성,상의,보통이에요,65,168
S,남성,상의,작아요,82,177
S,여성,상의,보통이에요,47,155
S,여성,상의,보통이에요,50,160
S,여성,상의,보통이에요,53,170
S,여성,상의,커요,47,163
S,여성,상의,보통이에요,50,160
S,여성,상의,보통이에요,53,170
S,남성,상의,보통이에요,55,167
S,남성,상의,보통이에요,50,155
S,여성,상의,보통이에요,49,162
S,여성,상의,보통이에요,47,155
S,여성,상의,보통이에요,48,159
S,여성,상의,보통이에요,47,155
S,여성,상의,보통이에요,47,158
S,여성,상의,보통이에요,49,160
S,여성,상의,보통이에요,52,162
S,남성,상의,보통이에요,60,168
S,여성,상의,보통이에요,51,158
S,남성,상의,보통이에요,50,163
S,여성,상의,보통이에요,48,159
S,여성,상의,보통이에요,58,160
S,여성,상의,보통이에요,54,164
S,여성,상의,작아요,48,152
S,남성,상의,보통이에요,60,165
S,여성,상의,보통이에요,58,165
S,여성,상의,보통이에요,52,159
S,남성,상의,보통이에요,60,165
S,남성,상의,보통이에요,65,172
S,여성,상의,보통이에요,59,168
S,남성,상의,보통이에요,60,165
S,여성,상의,보통이에요,48,162
S,여성,상의,보통이에요,46,159
S,여성,상의,보통이에요,40,160
S,여성,상의,보통이에요,50,157
S,여성,상의,보통이에요,50,157
S,여성,상의,커요,50,159
S,여성,상의,보통이에요,48,163
S,남성,상의,보통이에요,58,169
S,여성,상의,보통이에요,50,165
S,여성,상의,보통이에요,48,158
S,여성,상의,보통이에요,59,168
S,여성,상의,보통이에요,48,155
S,남성,상의,보통이에요,67,172
S,여성,상의,커요,50,158
S,여성,상의,보통이에요,46,157
S,여성,상의,보통이에요,64,173
S,여성,상의,보통이에요,51,161
S,여성,상의,보통이에요,48,159
S,남성,상의,커요,60,163
S,여성,상의,보통이에요,50,165
S,여성,상의,보통이에요,48,168
S,여성,상의,보통이에요,55,158
S,여성,상의,보통이에요,50,160
S,여성,상의,보통이에요,50,165
S,여성,상의,보통이에요,45,160
S,여성,상의,보통이에요,49,168
S,여성,상의,보통이에요,42,156
S,남성,상의,작아요,60,169
S,여성,상의,보통이에요,55,175
S,여성,상의,보통이에요,55,175
S,남성,상의,커요,50,167
S,여성,상의,보통이에요,50,160
S,여성,상의,보통이에요,40,160
S,여성,상의,보통이에요,40,160
S,여성,상의,보통이에요,50,163
S,여성,상의,보통이에요,52,163
S,여성,상의,보통이에요,48,168
S,여성,상의,커요,51,156
S,여성,상의,보통이에요,47,160
S,여성,상의,보통이에요,55,169
S,남성,상의,보통이에요,55,168
S,남성,상의,보통이에요,45,162
S,남성,상의,보통이에요,50,165
S,남성,상의,보통이에요,76,172
S,남성,상의,보통이에요,62,172
S,여성,상의,보통이에요,54,169
S,남성,상의,작아요,64,179
S,여성,상의,보통이에요,48,160
S,남성,상의,보통이에요,66,174
S,남성,상의,보통이에요,50,168
S,여성,상의,보통이에요,52,163
S,남성,상의,보통이에요,50,165
S,여성,상의,보통이에요,52,155
S,여성,상의,보통이에요,52,155
S,남성,상의,보통이에요,50,168
S,여성,상의,보통이에요,50,155
S,남성,상의,커요,74,176
S,여성,상의,보통이에요,50,155
S,여성,상의,보통이에요,55,152
S,남성,상의,보통이에요,60,168
S,여성,상의,보통이에요,55,152
S,여성,상의,보통이에요,52,160
S,여성,상의,보통이에요,55,152
S,남성,상의,보통이에요,53,173
S,여성,상의,커요,45,160
S,남성,상의,보통이에요,70,170
S,여성,상의,작아요,46,155
S,여성,상의,보통이에요,45,157
S,여성,상의,보통이에요,45,157
S,여성,상의,보통이에요,50,168
S,여성,상의,보통이에요,40,162
s,여성,상의,보통이에요,43,163
S,여성,상의,보통이에요,46,163
S,여성,상의,보통이에요,53,158
S,남성,상의,커요,41,160
S,여성,상의,보통이에요,46,157
S,여성,상의,보통이에요,50,150
S,남성,상의,보통이에요,58,170
S,여성,상의,보통이에요,55,160
S,여성,상의,보통이에요,57,155
S,여성,상의,보통이에요,52,161
S,여성,상의,보통이에요,47,162
S,여성,상의,보통이에요,50,156
S,여성,상의,보통이에요,40,153
S,여성,상의,보통이에요,58,158
S,여성,상의,보통이에요,55,160
S,여성,상의,보통이에요,47,166
S,여성,상의,보통이에요,48,162
S,여성,상의,커요,45,155
S,여성,상의,보통이에요,57,155
S,여성,상의,보통이에요,47,166
S,여성,상의,보통이에요,52,161
S,남성,상의,보통이에요,50,165
S,남성,상의,커요,63,181
S,여성,상의,보통이에요,50,157
S,남성,상의,보통이에요,66,168
S,여성,상의,보통이에요,54,164
S,남성,상의,보통이에요,52,165
S,여성,상의,보통이에요,48,165
S,여성,상의,보통이에요,63,164
S,여성,상의,커요,50,156
S,여성,상의,보통이에요,54,163
S,여성,상의,보통이에요,45,160
S,남성,상의,보통이에요,58,170
S,여성,상의,커요,43,161
S,여성,상의,보통이에요,43,161
S,남성,상의,보통이에요,70,170
S,여성,상의,보통이에요,43,161
S,남성,상의,보통이에요,58,163
S,남성,상의,보통이에요,70,170
S,여성,상의,보통이에요,58,163
S,여성,상의,보통이에요,43,161
S,여성,상의,보통이에요,60,161
S,여성,상의,보통이에요,47,165
S,여성,상의,보통이에요,48,158
S,여성,상의,보통이에요,49,164
S,여성,상의,보통이에요,48,158
S,여성,상의,보통이에요,47,162
S,여성,상의,보통이에요,50,163
S,여성,상의,보통이에요,45,161
S,여성,상의,보통이에요,57,165
S,여성,상의,보통이에요,50,163
S,여성,상의,보통이에요,45,161
S,여성,상의,보통이에요,50,163
S,남성,상의,보통이에요,65,172
S,여성,상의,작아요,48,158
S,여성,상의,보통이에요,52,157
S,여성,상의,보통이에요,54,160
S,여성,상의,보통이에요,50,160
S,여성,상의,커요,49,161
S,여성,상의,커요,60,170
S,여성,상의,커요,60,170
S,남성,상의,보통이에요,73,181
S,여성,상의,보통이에요,45,155
S,여성,상의,보통이에요,44,153
S,여성,상의,보통이에요,44,158
S,여성,상의,보통이에요,57,160
S,여성,상의,보통이에요,52,163
S,여성,상의,보통이에요,52,163
S,남성,상의,보통이에요,59,168
M,여성,상의,커요,41,158
M,여성,상의,보통이에요,54,158
S,남성,상의,보통이에요,54,168
S,여성,상의,보통이에요,39,159
S,여성,상의,커요,43,155
S,여성,상의,커요,43,155
S,여성,상의,보통이에요,58,165
S,남성,상의,보통이에요,58,180
S,여성,상의,보통이에요,50,158
S,여성,상의,보통이에요,49,163
S,여성,상의,보통이에요,54,163
S,여성,상의,보통이에요,50,158
S,남성,상의,보통이에요,71,166
S,여성,상의,보통이에요,46,164
S,남성,상의,커요,43,160
S,남성,상의,보통이에요,58,171
S,여성,상의,보통이에요,47,160
S,여성,상의,커요,67,163
S,여성,상의,보통이에요,48,167
S,여성,상의,보통이에요,60,168
S,남성,상의,커요,62,172
L,남성,상의,보통이에요,72,175
L,남성,상의,보통이에요,72,175
L,남성,상의,보통이에요,72,175
M,남성,상의,보통이에요,76,170
M,남성,상의,보통이에요,76,170
M,남성,상의,보통이에요,77,172
XL,남성,상의,보통이에요,90,178
XL,남성,상의,보통이에요,90,178
S,여성,상의,보통이에요,48,157
L,남성,상의,보통이에요,65,170
L,남성,상의,보통이에요,58,165
L,남성,상의,보통이에요,59,171
L,남성,상의,보통이에요,84,175
L,남성,상의,보통이에요,65,175
XL,남성,상의,보통이에요,82,169
XL,남성,상의,보통이에요,95,172
L,남성,상의,보통이에요,60,168
L,여성,상의,보통이에요,42,155
M,남성,상의,보통이에요,74,184
M,여성,상의,보통이에요,47,158
S,여성,상의,보통이에요,47,164
XL,여성,상의,보통이에요,50,155
XL,여성,상의,보통이에요,50,155
M,여성,상의,보통이에요,55,167
M,여성,상의,보통이에요,55,167
S,여성,상의,보통이에요,57,163
L,남성,상의,보통이에요,78,176
L,남성,상의,보통이에요,78,176
S,여성,상의,보통이에요,52,156
S,남성,상의,보통이에요,62,174
L,남성,상의,보통이에요,70,175
L,남성,상의,보통이에요,61,171
XL,남성,상의,보통이에요,83,179
XL,남성,상의,보통이에요,80,182
XL,남성,상의,보통이에요,78,182
XL,남성,상의,보통이에요,90,185
S,여성,상의,커요,44,155
L,여성,상의,커요,51,160
L,남성,상의,보통이에요,63,183
L,남성,상의,커요,75,174
L,여성,상의,보통이에요,65,180
L,남성,상의,보통이에요,68,175
M,남성,상의,보통이에요,68,173
S,여성,상의,보통이에요,44,157
XL,남성,상의,보통이에요,80,177
L,남성,상의,보통이에요,70,178
L,남성,상의,보통이에요,75,180
M,남성,상의,보통이에요,70,174
M,여성,상의,보통이에요,60,170
XL,남성,상의,보통이에요,78,177
L,남성,상의,보통이에요,78,174
M,남성,상의,커요,75,173
S,여성,상의,보통이에요,43,155
S,여성,상의,보통이에요,43,155
S,여성,상의,보통이에요,40,153
XL,남성,상의,보통이에요,85,176
XL,남성,상의,보통이에요,85,190
XL,남성,상의,커요,73,178
XL,남성,상의,보통이에요,78,178
XL,남성,상의,보통이에요,95,177
XL,남성,상의,보통이에요,86,180
XL,남성,상의,커요,72,177
XL,남성,상의,보통이에요,76,182
XL,남성,상의,보통이에요,80,183
XL,남성,상의,보통이에요,76,182
XL,남성,상의,보통이에요,85,176
XL,남성,상의,보통이에요,80,180
XL,남성,상의,보통이에요,85,184
XL,남성,상의,보통이에요,73,181
XL,남성,상의,보통이에요,77,176
XL,여성,상의,보통이에요,77,169
XL,여성,상의,보통이에요,80,181
XL,남성,상의,보통이에요,67,179
XL,남성,상의,보통이에요,80,179
XL,남성,상의,보통이에요,75,174
XL,남성,상의,보통이에요,85,173
XL,남성,상의,보통이에요,74,180
XL,남성,상의,보통이에요,82,189
XL,남성,상의,보통이에요,85,173
XL,남성,상의,보통이에요,70,176
XL,남성,상의,보통이에요,85,173
XL,남성,상의,보통이에요,80,184
XL,남성,상의,보통이에요,70,175
XL,남성,상의,보통이에요,77,188
XL,남성,상의,커요,80,180
XL,남성,상의,보통이에요,73,181
XL,남성,상의,보통이에요,72,176
XL,남성,상의,보통이에요,88,183
XL,남성,상의,커요,80,180
XL,남성,상의,보통이에요,73,181
XL,남성,상의,커요,80,180
XL,남성,상의,보통이에요,73,181
XL,남성,상의,보통이에요,72,172
XL,남성,상의,보통이에요,75,177
XL,남성,상의,보통이에요,80,180
XL,남성,상의,보통이에요,68,175
XL,남성,상의,보통이에요,85,174
XL,남성,상의,커요,95,175
XL,남성,상의,보통이에요,80,180
XL,남성,상의,커요,70,177
XL,남성,상의,커요,70,177
XL,남성,상의,커요,70,177
XL,남성,상의,보통이에요,78,183
XL,남성,상의,커요,86,180
XL,남성,상의,보통이에요,68,179
XL,남성,상의,커요,80,180
XL,남성,상의,보통이에요,90,180
XL,남성,상의,보통이에요,78,178
XL,남성,상의,보통이에요,90,180
XL,남성,상의,보통이에요,93,179
XL,남성,상의,작아요,73,178
XL,남성,상의,보통이에요,93,179
XL,남성,상의,보통이에요,90,185
XL,남성,상의,커요,78,185
XL,남성,상의,보통이에요,93,179
XL,남성,상의,보통이에요,80,185
XL,남성,상의,커요,105,180
XL,남성,상의,보통이에요,85,185
XL,남성,상의,보통이에요,86,178
XL,남성,상의,보통이에요,92,180
XL,남성,상의,보통이에요,92,180
XL,남성,상의,커요,78,179
XL,남성,상의,보통이에요,75,175
XL,남성,상의,보통이에요,75,175
XL,남성,상의,커요,79,182
XL,남성,상의,커요,95,180
XL,여성,상의,보통이에요,93,178
XL,남성,상의,커요,77,176
XL,남성,상의,보통이에요,80,182
XL,남성,상의,보통이에요,70,173
XL,남성,상의,보통이에요,97,185
XL,남성,상의,보통이에요,82,175
XL,남성,상의,보통이에요,76,178
XL,남성,상의,커요,82,183
XL,남성,상의,보통이에요,82,183
XL,남성,상의,보통이에요,86,178
XL,남성,상의,커요,81,178
XL,남성,상의,보통이에요,82,183
XL,남성,상의,보통이에요,70,183
XL,남성,상의,보통이에요,78,181
XL,남성,상의,보통이에요,70,183
XL,남성,상의,보통이에요,78,181
XL,남성,상의,보통이에요,86,182
XL,남성,상의,보통이에요,60,165
XL,남성,상의,보통이에요,78,180
XL,남성,상의,보통이에요,88,178
XL,남성,상의,보통이에요,81,185
XL,남성,상의,커요,74,175
XL,남성,상의,보통이에요,87,187
XL,남성,상의,커요,73,177
XL,남성,상의,보통이에요,60,183
XL,남성,상의,보통이에요,75,177
XL,남성,상의,보통이에요,92,185
XL,남성,상의,보통이에요,75,180
XL,남성,상의,커요,73,183
XL,남성,상의,보통이에요,100,182
XL,남성,상의,보통이에요,65,174
XL,남성,상의,보통이에요,70,187
XL,여성,상의,커요,63,172
XL,여성,상의,보통이에요,80,171
XL,남성,상의,보통이에요,88,180
XL,여성,상의,커요,63,172
XL,남성,상의,보통이에요,88,180
XL,남성,상의,보통이에요,80,189
XL,남성,상의,보통이에요,86,180
XL,남성,상의,보통이에요,86,180
XL,남성,상의,보통이에요,75,181
XL,여성,상의,보통이에요,63,170
XL,남성,상의,보통이에요,90,174
XL,남성,상의,보통이에요,72,177
XL,남성,상의,커요,90,190
XL,남성,상의,보통이에요,86,180
XL,남성,상의,커요,90,190
XL,남성,상의,커요,75,174
XL,남성,상의,보통이에요,82,179
XL,남성,상의,커요,75,174
XL,남성,상의,보통이에요,78,182
XL,남성,상의,커요,82,179
XL,남성,상의,보통이에요,69,184
XL,여성,상의,보통이에요,52,165
XL,남성,상의,보통이에요,82,180
XL,남성,상의,보통이에요,90,178
XL,남성,상의,보통이에요,94,182
XL,남성,상의,보통이에요,73,180
XL,남성,상의,보통이에요,65,177
XL,남성,상의,보통이에요,110,185
XL,여성,상의,커요,80,160
XL,남성,상의,커요,72,173
XL,남성,상의,보통이에요,72,182
XL,남성,상의,보통이에요,78,180
XL,남성,상의,커요,80,180
XL,남성,상의,보통이에요,90,180
XL,남성,상의,보통이에요,93,178
XL,여성,상의,보통이에요,70,165
XL,남성,상의,커요,100,176
XL,남성,상의,보통이에요,78,184
XL,남성,상의,보통이에요,62,177
XL,남성,상의,커요,90,184
XL,남성,상의,커요,70,176
XL,남성,상의,커요,69,178
XL,여성,상의,보통이에요,75,160
XL,남성,상의,보통이에요,85,189
XL,남성,상의,보통이에요,83,174
XL,남성,상의,보통이에요,88,173
XL,남성,상의,보통이에요,88,173
XL,남성,상의,보통이에요,84,184
XL,남성,상의,보통이에요,84,188
XL,남성,상의,보통이에요,84,188
XL,남성,상의,보통이에요,80,181
XL,남성,상의,보통이에요,77,183
XL,남성,상의,보통이에요,75,173
XL,남성,상의,커요,75,171
XL,남성,상의,보통이에요,90,181
XL,남성,상의,보통이에요,90,181
XL,여성,상의,커요,53,166
XL,남성,상의,보통이에요,74,178
XL,남성,상의,커요,82,170
XL,남성,상의,보통이에요,80,179
XL,남성,상의,보통이에요,88,185
XL,남성,상의,보통이에요,83,183
XL,남성,상의,보통이에요,94,181
XL,남성,상의,커요,74,178
XL,남성,상의,보통이에요,63,185
XL,남성,상의,보통이에요,86,178
XL,남성,상의,보통이에요,70,177
XL,남성,상의,보통이에요,90,170
XL,남성,상의,보통이에요,80,175
XL,남성,상의,보통이에요,87,183
XL,남성,상의,보통이에요,90,170
XL,남성,상의,커요,80,175
XL,남성,상의,커요,80,175
XL,남성,상의,커요,80,175
XL,남성,상의,커요,80,175
XL,남성,상의,보통이에요,70,183
XL,남성,상의,보통이에요,75,185
XL,남성,상의,보통이에요,80,179
XL,남성,상의,보통이에요,77,179
XL,남성,상의,보통이에요,70,185
XL,남성,상의,보통이에요,83,175
XL,남성,상의,커요,82,185
XL,남성,상의,보통이에요,91,187
XL,남성,상의,보통이에요,90,180
XL,남성,상의,보통이에요,83,183
XL,남성,상의,보통이에요,70,171
XL,남성,상의,보통이에요,78,180
XL,남성,상의,커요,80,175
XL,남성,상의,보통이에요,73,177
XL,여성,상의,보통이에요,65,160
XL,남성,상의,보통이에요,73,177
XL,남성,상의,보통이에요,87,177
XL,남성,상의,커요,82,184
XL,남성,상의,보통이에요,73,178
XL,남성,상의,보통이에요,77,191
XL,남성,상의,보통이에요,74,172
XL,남성,상의,보통이에요,73,175
XL,남성,상의,보통이에요,68,178
XL,남성,상의,보통이에요,100,197
XL,남성,상의,보통이에요,61,166
XL,여성,상의,보통이에요,96,175
XL,남성,상의,보통이에요,104,181
XL,남성,상의,커요,80,175
XL,남성,상의,보통이에요,89,188
XL,여성,상의,커요,52,156
XL,남성,상의,보통이에요,75,182
XL,여성,상의,보통이에요,53,162
XL,남성,상의,보통이에요,80,180
XL,남성,상의,보통이에요,80,180
XL,남성,상의,보통이에요,75,172
XL,남성,상의,보통이에요,86,176
XL,남성,상의,보통이에요,67,178
XL,남성,상의,보통이에요,85,178
XL,남성,상의,커요,72,172
XL,남성,상의,보통이에요,72,183
XL,남성,상의,보통이에요,90,181
XL,남성,상의,보통이에요,72,183
XL,남성,상의,보통이에요,90,178
XL,남성,상의,보통이에요,72,187
XL,남성,상의,보통이에요,83,180
XL,남성,상의,보통이에요,72,187
XL,남성,상의,보통이에요,80,174
XL,남성,상의,보통이에요,75,175
XL,남성,상의,보통이에요,83,180
XL,남성,상의,보통이에요,70,183
XL,남성,상의,보통이에요,73,177
XL,남성,상의,보통이에요,70,183
XL,남성,상의,보통이에요,72,184
XL,남성,상의,보통이에요,70,177
XL,남성,상의,보통이에요,77,178
XL,남성,상의,보통이에요,78,183
XL,남성,상의,보통이에요,88,187
XL,남성,상의,보통이에요,81,174
XL,남성,상의,보통이에요,88,187
XL,남성,상의,보통이에요,74,176
XL,남성,상의,보통이에요,88,187
XL,남성,상의,보통이에요,82,172
XL,남성,상의,보통이에요,82,178
XL,남성,상의,보통이에요,85,185
XL,남성,상의,보통이에요,86,183
XL,남성,상의,보통이에요,86,183
XL,남성,상의,보통이에요,82,178
XL,남성,상의,보통이에요,82,178
XL,남성,상의,보통이에요,85,178
XL,남성,상의,보통이에요,85,178
XL,남성,상의,보통이에요,86,183
XL,남성,상의,보통이에요,71,177
XL,남성,상의,보통이에요,77,180
XL,남성,상의,커요,70,178
XL,남성,상의,커요,80,175
XL,남성,상의,보통이에요,108,165
XL,남성,상의,커요,80,175
XL,남성,상의,보통이에요,80,174
XL,남성,상의,보통이에요,92,180
XL,남성,상의,보통이에요,108,165
XL,남성,상의,보통이에요,66,180
XL,남성,상의,보통이에요,78,178
XL,남성,상의,보통이에요,83,181
XL,남성,상의,보통이에요,83,181
XL,남성,상의,보통이에요,73,181
XL,남성,상의,보통이에요,83,181
XL,남성,상의,보통이에요,80,181
XL,남성,상의,보통이에요,92,183
XL,남성,상의,보통이에요,75,180
XL,남성,상의,커요,75,188
XL,남성,상의,보통이에요,75,177
XL,남성,상의,보통이에요,85,182
XL,남성,상의,보통이에요,89,181
XL,남성,상의,보통이에요,70,170
XL,남성,상의,커요,86,184
XL,남성,상의,보통이에요,74,180
XL,남성,상의,보통이에요,76,180
XL,남성,상의,커요,80,178
XL,남성,상의,보통이에요,90,183
XL,남성,상의,커요,75,181
XL,남성,상의,커요,80,183
XL,남성,상의,보통이에요,80,189
XS,여성,상의,보통이에요,49,155
XS,여성,상의,보통이에요,53,164
XS,여성,상의,보통이에요,48,163
XS,여성,상의,보통이에요,50,160
XS,여성,상의,보통이에요,40,154
XS,여성,상의,커요,48,164
XS,여성,상의,보통이에요,50,155
XS,여성,상의,보통이에요,43,157
XS,여성,상의,보통이에요,55,160
XS,여성,상의,보통이에요,54,163
XS,여성,상의,커요,50,160
XS,여성,상의,보통이에요,62,164
XS,여성,상의,커요,42,152
2XL,남성,상의,보통이에요,95,174
2XL,남성,상의,보통이에요,90,185
2XL,여성,상의,커요,64,158
2XL,남성,상의,커요,78,189
2XL,남성,상의,보통이에요,93,185
2XL,여성,상의,보통이에요,47,162
2XL,남성,상의,보통이에요,86,186
2XL,남성,상의,보통이에요,87,186
2XL,남성,상의,보통이에요,84,185
S,남성,상의,보통이에요,65,167
2XL,남성,상의,보통이에요,75,191
2XL,여성,상의,보통이에요,85,174
XL,남성,상의,보통이에요,85,181
XL,남성,상의,보통이에요,64,176
XL,남성,상의,보통이에요,64,176
L,여성,상의,보통이에요,80,178
L,여성,상의,보통이에요,80,178
L,여성,상의,보통이에요,80,178
L,남성,상의,보통이에요,61,167
L,여성,상의,커요,55,166
L,남성,상의,보통이에요,65,185
L,남성,상의,보통이에요,65,185
L,남성,상의,보통이에요,72,170
L,남성,상의,보통이에요,68,176
L,여성,상의,커요,51,163
L,여성,상의,커요,51,163
L,남성,상의,보통이에요,79,177
L,남성,상의,커요,77,177
M,남성,상의,커요,70,176
M,여성,상의,보통이에요,56,156
M,남성,상의,보통이에요,61,162
M,여성,상의,보통이에요,57,161
M,여성,상의,보통이에요,58,158
S,여성,상의,보통이에요,48,157
S,여성,상의,보통이에요,64,155
S,여성,상의,보통이에요,64,155
S,남성,상의,작아요,67,177
XL,남성,상의,보통이에요,80,178
XL,여성,상의,보통이에요,63,170
XL,여성,상의,보통이에요,85,165
M,남성,상의,보통이에요,66,172
S,여성,상의,보통이에요,50,156
XL,남성,상의,보통이에요,90,187
XL,남성,상의,보통이에요,90,187
2XL,남성,상의,보통이에요,92,192
L,남성,상의,보통이에요,78,179
M,여성,상의,보통이에요,60,168
M,남성,상의,보통이에요,80,178
M,남성,상의,보통이에요,55,166
M,남성,상의,보통이에요,65,170
M,여성,상의,보통이에요,41,154
XL,남성,상의,커요,72,176
XL,여성,상의,보통이에요,48,162
M,여성,상의,보통이에요,48,162
L,여성,상의,커요,54,165
M,여성,상의,보통이에요,54,163
L,남성,상의,보통이에요,55,178
L,남성,상의,보통이에요,55,178
L,여성,상의,커요,57,156
M,남성,상의,보통이에요,67,171
2XL,여성,상의,보통이에요,93,168
L,남성,상의,보통이에요,83,170
L,남성,상의,커요,66,174
M,여성,상의,보통이에요,40,153
L,남성,상의,보통이에요,69,175
L,남성,상의,보통이에요,56,170
2XL,남성,상의,보통이에요,85,180
2XL,남성,상의,보통이에요,108,165
2XL,남성,상의,보통이에요,108,165
L,여성,상의,보통이에요,50,163
L,여성,상의,보통이에요,60,168
L,남성,상의,커요,72,175
L,여성,상의,보통이에요,68,180
L,여성,상의,보통이에요,57,161
L,남성,상의,보통이에요,65,174
L,남성,상의,커요,68,174
L,남성,상의,보통이에요,63,183
M,남성,상의,보통이에요,68,175
M,여성,상의,커요,60,168
M,여성,상의,보통이에요,43,150
M,여성,상의,보통이에요,63,165
M,남성,상의,보통이에요,70,172
M,여성,상의,보통이에요,54,165
M,여성,상의,커요,46,158
M,남성,상의,커요,62,170
M,여성,상의,보통이에요,45,157
M,여성,상의,커요,57,164
M,여성,상의,커요,56,164
M,남성,상의,보통이에요,66,171
M,여성,상의,보통이에요,48,163
M,여성,상의,보통이에요,48,163
S,남성,상의,보통이에요,57,175
XL,남성,상의,보통이에요,75,175
XL,남성,상의,보통이에요,78,183
XL,남성,상의,보통이에요,94,181
L,남성,상의,보통이에요,64,171
M,여성,상의,커요,57,167
M,여성,상의,보통이에요,54,165
XL,여성,상의,커요,44,164
XL,여성,상의,커요,62,175
L,여성,상의,보통이에요,58,163
L,남성,상의,보통이에요,75,182
S,여성,상의,커요,54,151
S,여성,상의,커요,54,151
L,남성,상의,보통이에요,72,173
XL,남성,상의,보통이에요,71,174
L,남성,상의,보통이에요,59,175
M,여성,상의,커요,42,156
M,여성,상의,보통이에요,50,163
XL,남성,상의,보통이에요,75,168
XL,여성,상의,커요,55,160
L,남성,상의,보통이에요,73,180
L,여성,상의,보통이에요,62,158
XL,남성,상의,보통이에요,72,175
XL,남성,상의,보통이에요,72,175
M,남성,상의,보통이에요,76,178
L,남성,상의,보통이에요,85,184
2XL,남성,상의,보통이에요,86,187
L,남성,상의,보통이에요,65,172
L,남성,상의,보통이에요,68,176
XL,남성,상의,보통이에요,90,186
L,여성,상의,커요,50,165
M,여성,상의,보통이에요,54,165
L,남성,상의,보통이에요,75,182
M,여성,상의,보통이에요,63,170
M,여성,상의,보통이에요,63,170
L,여성,상의,보통이에요,70,172
M,남성,상의,보통이에요,70,170
S,여성,상의,커요,52,158
L,남성,상의,보통이에요,79,182
XL,남성,상의,보통이에요,84,180
XL,남성,상의,보통이에요,80,188
M,남성,상의,보통이에요,65,170
M,여성,상의,커요,48,162
XL,남성,상의,보통이에요,71,185
S,여성,상의,커요,50,155
L,남성,상의,보통이에요,66,172
L,여성,상의,보통이에요,70,158
M,남성,상의,보통이에요,69,168
XL,남성,상의,보통이에요,75,174
L,남성,상의,보통이에요,70,170
L,여성,상의,커요,48,148
L,여성,상의,커요,48,148
L,여성,상의,커요,48,148
S,여성,상의,커요,50,158
L,남성,상의,보통이에요,60,174
L,여성,상의,커요,56,165
M,여성,상의,보통이에요,49,151
XL,남성,상의,보통이에요,74,178
S,여성,상의,보통이에요,56,163
M,여성,상의,보통이에요,50,161
M,여성,상의,커요,57,163
M,남성,상의,보통이에요,57,173
S,여성,상의,보통이에요,52,163
M,남성,상의,커요,67,173
M,남성,상의,커요,67,173
XL,남성,상의,보통이에요,63,189
XL,남성,상의,보통이에요,68,172
2XL,남성,상의,보통이에요,87,190
2XL,남성,상의,보통이에요,96,188
XL,남성,상의,보통이에요,77,174
L,남성,상의,보통이에요,72,176
L,남성,상의,보통이에요,72,176
L,남성,상의,보통이에요,63,175
L,남성,상의,보통이에요,63,175
L,남성,상의,보통이에요,75,179
L,여성,상의,커요,55,153
L,남성,상의,보통이에요,66,170
L,여성,상의,커요,57,173
L,여성,상의,커요,57,173
L,여성,상의,커요,52,163
L,남성,상의,보통이에요,65,179
L,남성,상의,보통이에요,75,180
XL,남성,상의,보통이에요,61,178
L,남성,상의,보통이에요,80,180
L,남성,상의,보통이에요,70,170
L,남성,상의,보통이에요,75,185
L,남성,상의,보통이에요,75,185
L,남성,상의,보통이에요,85,180
L,남성,상의,보통이에요,69,170
M,남성,상의,보통이에요,71,177
M,남성,상의,보통이에요,60,170
M,남성,상의,보통이에요,69,173
M,여성,상의,커요,48,157
M,여성,상의,보통이에요,59,171
M,여성,상의,보통이에요,55,160
M,여성,상의,보통이에요,53,169
M,여성,상의,보통이에요,55,160
M,남성,상의,보통이에요,71,175
M,남성,상의,보통이에요,62,165
M,남성,상의,보통이에요,70,170
M,여성,상의,보통이에요,50,157
M,남성,상의,보통이에요,70,172
M,남성,상의,보통이에요,75,177
M,남성,상의,보통이에요,67,173
M,남성,상의,보통이에요,53,173
M,남성,상의,보통이에요,56,176
M,남성,상의,보통이에요,60,172
M,남성,상의,보통이에요,60,172
M,남성,상의,보통이에요,60,172
M,남성,상의,보통이에요,58,171
L,여성,상의,보통이에요,55,167
M,남성,상의,보통이에요,65,170
M,남성,상의,보통이에요,68,168
M,남성,상의,보통이에요,48,163
M,남성,상의,보통이에요,71,179
M,남성,상의,보통이에요,65,172
XL,남성,상의,보통이에요,57,171
XL,남성,상의,보통이에요,57,171
XL,남성,상의,보통이에요,57,171
M,여성,상의,보통이에요,49,163
S,여성,상의,보통이에요,40,168
S,여성,상의,보통이에요,40,160
S,여성,상의,보통이에요,50,155
S,여성,상의,보통이에요,48,156
S,여성,상의,보통이에요,48,157
L,남성,상의,보통이에요,64,177
XL,남성,상의,보통이에요,69,181
XL,여성,상의,보통이에요,55,153
XL,남성,상의,보통이에요,72,172
XL,남성,상의,보통이에요,85,174
XL,남성,상의,보통이에요,79,175
XL,남성,상의,보통이에요,85,180
XL,남성,상의,보통이에요,85,185
XL,여성,상의,보통이에요,70,167
XL,남성,상의,보통이에요,94,170
XL,남성,상의,보통이에요,80,175
XL,남성,상의,보통이에요,80,175
L,남성,상의,보통이에요,84,173
XL,남성,상의,보통이에요,90,187
M,여성,상의,보통이에요,54,161
M,남성,상의,보통이에요,68,176
M,남성,상의,보통이에요,68,176
M,남성,상의,커요,65,165
M,남성,상의,커요,65,172
S,여성,상의,보통이에요,50,158
L,남성,상의,보통이에요,71,175
XL,남성,상의,보통이에요,75,180
M,남성,상의,보통이에요,62,175
S,여성,상의,커요,54,169
L,남성,상의,보통이에요,52,175
M,남성,상의,보통이에요,52,170
M,남성,상의,커요,64,171
S,여성,상의,보통이에요,47,162
M,남성,상의,보통이에요,55,173
M,남성,상의,보통이에요,62,174
L,남성,상의,보통이에요,74,184
M,남성,상의,보통이에요,63,180
L,여성,상의,보통이에요,62,165
S,여성,상의,보통이에요,47,162
S,여성,상의,보통이에요,47,162
XL,남성,상의,보통이에요,78,174
XL,남성,상의,보통이에요,100,180
M,여성,상의,보통이에요,55,163
M,여성,상의,보통이에요,42,154
M,여성,상의,보통이에요,52,164
L,남성,상의,보통이에요,71,175
XL,남성,상의,보통이에요,81,176
S,여성,상의,커요,50,167
XL,남성,상의,보통이에요,72,175
L,남성,상의,보통이에요,76,175
L,남성,상의,보통이에요,76,175
S,남성,상의,커요,80,171
L,여성,상의,보통이에요,60,165
M,남성,상의,보통이에요,75,174
L,남성,상의,보통이에요,72,177
L,남성,상의,보통이에요,67,178
L,남성,상의,보통이에요,65,177
L,남성,상의,보통이에요,75,180
L,남성,상의,보통이에요,75,180
M,남성,상의,보통이에요,63,173
M,남성,상의,보통이에요,53,172
M,남성,상의,보통이에요,66,171
M,남성,상의,보통이에요,70,172
M,남성,상의,보통이에요,66,173
M,여성,상의,보통이에요,41,156
M,여성,상의,보통이에요,50,160
M,여성,상의,보통이에요,46,158
M,여성,상의,보통이에요,52,165
M,여성,상의,보통이에요,50,160
M,남성,상의,보통이에요,55,161
M,여성,상의,보통이에요,55,160
M,여성,상의,보통이에요,63,168
M,여성,상의,보통이에요,50,164
S,여성,상의,커요,60,158
S,여성,상의,보통이에요,49,170
XL,남성,상의,보통이에요,78,183
L,여성,상의,커요,65,168
L,남성,상의,보통이에요,58,182
M,여성,상의,보통이에요,52,165
M,여성,상의,보통이에요,52,165
M,여성,상의,커요,57,167
M,남성,상의,보통이에요,62,171
M,남성,상의,보통이에요,68,172
XL,남성,상의,보통이에요,76,178
XL,남성,상의,보통이에요,78,178
L,남성,상의,보통이에요,74,178
L,남성,상의,보통이에요,90,174
L,남성,상의,보통이에요,60,168
L,남성,상의,보통이에요,78,177
M,남성,상의,보통이에요,52,170
M,남성,상의,보통이에요,52,170
M,남성,상의,보통이에요,66,169
M,남성,상의,보통이에요,60,173
XL,남성,상의,보통이에요,98,179
XL,남성,상의,보통이에요,93,180
L,남성,상의,보통이에요,72,175
L,여성,상의,보통이에요,65,171
L,남성,상의,보통이에요,68,176
L,남성,상의,보통이에요,72,179
M,남성,상의,보통이에요,55,161
XL,남성,상의,커요,70,173
S,여성,상의,보통이에요,46,155
XL,남성,상의,보통이에요,75,175
L,남성,상의,보통이에요,60,180
L,남성,상의,보통이에요,60,180
M,남성,상의,보통이에요,62,171
L,남성,상의,보통이에요,69,173
M,남성,상의,보통이에요,58,182
M,남성,상의,보통이에요,70,171
S,남성,상의,보통이에요,37,155
XL,남성,상의,보통이에요,68,178
M,남성,상의,보통이에요,64,165
XL,남성,상의,보통이에요,74,181
M,남성,상의,보통이에요,74,172
M,남성,상의,보통이에요,75,175
XL,남성,상의,보통이에요,60,173
L,여성,상의,보통이에요,58,162
XL,남성,상의,보통이에요,80,180
L,여성,상의,보통이에요,73,164
M,남성,상의,커요,60,170
XL,남성,상의,보통이에요,66,166
M,여성,상의,보통이에요,60,168
L,남성,상의,보통이에요,68,176
L,남성,상의,보통이에요,68,176
M,여성,상의,보통이에요,51,163
L,남성,상의,보통이에요,75,175
M,남성,상의,보통이에요,60,172
L,여성,상의,커요,69,163
M,여성,상의,커요,57,164
M,여성,상의,커요,70,160
M,여성,상의,커요,59,164
L,남성,상의,보통이에요,64,178
M,남성,상의,커요,61,166
L,남성,상의,보통이에요,76,178
L,남성,상의,커요,53,174
L,남성,상의,보통이에요,66,182
L,남성,상의,보통이에요,57,171
L,남성,상의,보통이에요,57,171
M,여성,상의,커요,50,158
M,여성,상의,커요,50,158
XL,남성,상의,보통이에요,72,177
XL,여성,상의,보통이에요,70,167
2XL,남성,상의,커요,70,177
L,남성,상의,보통이에요,73,175
L,남성,상의,보통이에요,60,183
L,남성,상의,보통이에요,65,170
L,여성,상의,커요,50,165
L,남성,상의,보통이에요,55,173
L,남성,상의,보통이에요,72,174
L,남성,상의,커요,75,180
M,남성,상의,보통이에요,55,170
M,여성,상의,보통이에요,53,168
M,여성,상의,커요,45,159
M,여성,상의,커요,55,171
M,남성,상의,보통이에요,68,176
M,여성,상의,커요,57,173
M,여성,상의,보통이에요,60,152
L,남성,상의,보통이에요,55,171
M,여성,상의,보통이에요,47,161
M,여성,상의,보통이에요,47,161
M,여성,상의,커요,45,160
S,여성,상의,보통이에요,43,156
S,여성,상의,보통이에요,60,170
S,여성,상의,커요,55,160
S,여성,상의,커요,52,164
S,여성,상의,보통이에요,60,161
XL,남성,상의,보통이에요,61,178
2XL,남성,상의,보통이에요,78,180
M,남성,상의,보통이에요,70,178
2XL,남성,상의,커요,85,177
2XL,남성,상의,커요,85,177
L,여성,상의,보통이에요,47,166
L,여성,상의,보통이에요,47,166
L,여성,상의,보통이에요,59,170
L,남성,상의,보통이에요,75,176
L,남성,상의,작아요,67,173
M,남성,상의,보통이에요,71,174
M,남성,상의,커요,53,175
XL,여성,상의,보통이에요,100,169
XL,남성,상의,보통이에요,95,175
XL,남성,상의,보통이에요,72,184
XL,남성,상의,커요,68,177
L,남성,상의,보통이에요,71,169
L,남성,상의,보통이에요,72,182
L,남성,상의,보통이에요,70,176
L,남성,상의,보통이에요,64,178
2XL,남성,상의,보통이에요,100,184
L,남성,상의,보통이에요,83,179
M,여성,상의,보통이에요,50,160
S,여성,상의,커요,66,167
S,여성,상의,커요,57,167
S,여성,상의,커요,46,158
XL,남성,상의,보통이에요,63,174
M,여성,상의,커요,59,161
M,여성,상의,커요,59,161
M,여성,상의,보통이에요,60,164
XL,남성,상의,보통이에요,85,178
XL,남성,상의,보통이에요,78,180
